timestamp,interaction_id,csat,ies,complaints,aht_seconds,hold_time_seconds,transfers,channel,language,queue
2025-02-12T08:00:53Z,inf_0001,4.2,81.4,1,226,26,0,chat,en,support
2025-02-16T12:44:27Z,inf_0002,3.8,87.8,0,346,17,1,voice,en,billing
2025-02-16T11:39:43Z,inf_0003,5.0,86.4,0,373,12,0,voice,en,support
2025-02-15T14:41:21Z,inf_0004,4.6,78.6,0,223,53,0,chat,es,support
2025-02-10T11:44:03Z,inf_0005,4.9,65.2,0,338,29,0,voice,en,billing
2025-02-15T11:58:21Z,inf_0006,4.9,85.8,0,354,37,0,chat,fr,support
2025-02-14T14:56:54Z,inf_0007,3.7,73.9,0,396,44,0,voice,en,support
2025-02-12T14:34:44Z,inf_0008,4.3,78.7,0,314,58,0,chat,de,support
2025-02-19T08:18:37Z,inf_0009,4.7,77.1,0,414,20,0,voice,de,billing
2025-02-04T08:57:48Z,inf_0010,3.9,70.7,0,358,6,0,voice,en,billing
2025-02-18T08:36:30Z,inf_0011,4.2,100.0,1,299,42,0,voice,en,billing
2025-02-03T10:17:55Z,inf_0012,4.2,75.0,0,349,62,0,voice,en,support
2025-02-14T09:50:01Z,inf_0013,4.7,84.9,0,242,0,0,email,en,sales
2025-02-09T15:05:28Z,inf_0014,1.7,27.9,4,626,147,3,voice,en,support
2025-02-20T11:37:34Z,inf_0015,4.2,74.9,0,380,47,0,voice,en,sales
2025-02-19T16:17:37Z,inf_0016,4.0,90.1,0,226,44,0,chat,en,support
2025-02-07T10:39:55Z,inf_0017,5.0,84.3,0,280,12,0,chat,es,billing
2025-02-19T14:19:52Z,inf_0018,4.2,64.1,0,311,36,0,voice,es,sales
2025-02-17T14:13:28Z,inf_0019,4.0,83.8,0,184,33,0,voice,fr,sales
2025-02-08T16:12:59Z,inf_0020,4.3,87.9,0,366,32,0,voice,en,sales
2025-02-12T12:47:31Z,inf_0021,3.8,81.0,0,392,60,1,voice,en,support
2025-02-05T12:44:46Z,inf_0022,4.1,76.5,0,429,54,0,voice,en,billing
2025-02-09T13:58:48Z,inf_0023,4.6,76.7,0,337,31,0,email,es,support
2025-02-12T16:18:19Z,inf_0024,3.9,77.5,0,381,45,0,voice,en,billing
2025-02-06T14:16:17Z,inf_0025,5.0,91.8,0,436,0,0,chat,en,support
2025-02-06T12:22:10Z,inf_0026,4.1,77.3,0,351,20,0,voice,fr,sales
2025-02-04T08:18:53Z,inf_0027,4.0,98.6,0,253,41,0,voice,en,support
2025-02-13T12:08:04Z,inf_0028,3.3,49.8,2,627,162,3,voice,de,support
2025-02-20T17:59:24Z,inf_0029,4.2,76.7,0,289,0,0,chat,de,billing
2025-02-20T11:16:37Z,inf_0030,4.0,97.1,0,415,20,0,chat,es,sales
2025-02-08T15:17:55Z,inf_0031,4.7,80.1,0,293,25,0,voice,en,support
2025-02-04T13:53:42Z,inf_0032,4.9,84.0,0,249,25,0,chat,es,billing
2025-02-14T17:35:08Z,inf_0033,4.8,60.4,0,358,39,0,chat,en,support
2025-02-11T08:35:35Z,inf_0034,3.7,73.8,1,286,30,0,email,en,support
2025-02-09T16:32:09Z,inf_0035,4.1,77.9,0,312,11,1,chat,en,billing
2025-02-05T17:14:45Z,inf_0036,3.6,68.1,0,359,52,0,voice,es,billing
2025-02-15T13:46:12Z,inf_0037,3.1,76.7,0,336,34,0,email,en,support
2025-02-13T14:54:52Z,inf_0038,4.0,87.9,0,294,16,0,email,fr,billing
2025-02-20T12:57:25Z,inf_0039,4.7,79.7,0,354,38,0,chat,en,billing
2025-02-03T08:14:16Z,inf_0040,4.5,86.8,0,187,14,1,voice,en,billing
2025-02-08T16:13:12Z,inf_0041,3.9,83.3,0,250,34,0,voice,de,sales
2025-02-03T17:14:16Z,inf_0042,4.0,75.7,0,301,53,0,email,en,billing
2025-02-08T15:28:09Z,inf_0043,4.2,86.7,0,181,30,0,email,es,support
2025-02-09T17:14:21Z,inf_0044,1.8,26.3,3,726,168,4,voice,fr,billing
2025-02-07T13:46:27Z,inf_0045,3.4,89.1,0,340,42,0,voice,es,support
2025-02-07T17:23:12Z,inf_0046,3.9,64.3,0,437,28,0,chat,de,support
2025-02-20T12:32:45Z,inf_0047,3.9,88.3,0,322,20,0,voice,fr,support
2025-02-14T08:35:01Z,inf_0048,4.3,74.4,0,256,1,0,email,en,sales
2025-02-10T15:12:28Z,inf_0049,5.0,85.8,0,462,41,0,voice,es,sales
2025-02-18T09:27:58Z,inf_0050,4.2,55.2,0,369,0,0,email,en,support
2025-02-13T08:40:43Z,inf_0051,4.3,79.7,0,386,9,1,email,de,support
2025-02-19T12:42:27Z,inf_0052,4.2,71.1,0,344,0,0,voice,en,billing
2025-02-07T17:44:29Z,inf_0053,3.9,81.4,0,450,34,0,voice,en,support
2025-02-13T10:57:32Z,inf_0054,4.7,88.1,0,296,53,0,chat,en,support
2025-02-02T12:22:12Z,inf_0055,5.0,65.5,0,305,32,0,voice,en,sales
2025-02-02T09:24:15Z,inf_0056,5.0,79.7,0,272,0,0,chat,en,support
2025-02-14T15:32:14Z,inf_0057,4.5,91.9,0,357,0,0,email,en,support
2025-02-02T09:50:54Z,inf_0058,3.8,81.7,0,360,42,0,voice,en,sales
2025-02-06T17:33:58Z,inf_0059,4.9,78.6,0,222,0,0,voice,en,support
2025-02-18T16:36:52Z,inf_0060,4.8,74.1,1,343,65,1,voice,en,billing
2025-02-07T14:13:47Z,inf_0061,5.0,77.3,0,209,46,0,voice,de,support
2025-02-03T11:37:26Z,inf_0062,4.7,69.9,0,327,2,1,voice,es,support
2025-02-12T16:41:08Z,inf_0063,4.8,80.9,0,215,20,0,voice,en,sales
2025-02-06T14:36:31Z,inf_0064,4.6,95.5,0,256,28,0,chat,en,support
2025-02-14T15:49:23Z,inf_0065,4.3,76.1,0,223,31,0,voice,en,support
2025-02-15T14:01:58Z,inf_0066,4.3,71.9,0,388,28,1,email,en,support
2025-02-15T15:09:08Z,inf_0067,4.7,69.3,1,407,18,0,voice,fr,support
2025-02-19T08:10:00Z,inf_0068,4.3,78.2,0,417,52,1,voice,en,sales
2025-02-03T15:56:40Z,inf_0069,4.0,85.4,0,408,8,0,chat,es,billing
2025-02-12T15:01:13Z,inf_0070,3.4,65.0,0,312,0,0,chat,en,support
2025-02-04T16:23:28Z,inf_0071,4.1,81.6,0,356,49,0,voice,de,support
2025-02-11T12:53:37Z,inf_0072,3.4,74.8,0,278,0,0,voice,en,support
2025-02-13T08:32:50Z,inf_0073,5.0,71.3,0,371,23,0,chat,en,billing
2025-02-16T11:11:07Z,inf_0074,3.4,86.0,0,277,40,0,chat,en,billing
2025-02-07T12:24:25Z,inf_0075,4.0,83.2,0,279,12,0,voice,en,support
2025-02-07T09:08:06Z,inf_0076,4.4,77.7,0,457,4,0,chat,es,sales
2025-02-15T10:46:20Z,inf_0077,3.8,93.4,0,373,44,0,voice,de,billing
2025-02-02T17:46:38Z,inf_0078,4.4,86.0,1,333,34,0,voice,fr,support
2025-02-13T12:50:04Z,inf_0079,3.5,76.0,1,357,16,0,chat,en,billing
2025-02-08T15:43:25Z,inf_0080,3.1,85.1,0,343,45,0,chat,es,billing
2025-02-15T16:25:48Z,inf_0081,4.3,76.6,0,285,0,0,voice,es,support
2025-02-03T12:36:26Z,inf_0082,4.3,75.5,0,283,53,0,email,en,sales
2025-02-07T12:02:48Z,inf_0083,5.0,82.7,0,269,8,0,chat,es,support
2025-02-03T09:01:30Z,inf_0084,3.7,71.9,0,402,32,1,chat,en,billing
2025-02-08T10:50:36Z,inf_0085,5.0,48.3,0,248,53,0,chat,de,sales
2025-02-12T11:08:34Z,inf_0086,3.8,71.6,0,441,53,0,voice,en,support
2025-02-17T10:23:05Z,inf_0087,1.3,54.2,1,619,114,2,voice,en,support
2025-02-16T14:38:54Z,inf_0088,3.8,72.9,0,436,46,0,voice,en,support
2025-02-17T11:53:36Z,inf_0089,4.7,77.7,0,234,33,0,voice,en,billing
2025-02-08T11:19:09Z,inf_0090,3.8,95.4,0,187,38,0,chat,es,support
2025-02-09T16:53:55Z,inf_0091,4.7,63.0,0,395,39,0,chat,es,billing
2025-02-11T17:21:34Z,inf_0092,3.8,91.5,0,282,69,0,chat,es,support
2025-02-12T08:12:24Z,inf_0093,3.8,68.2,0,252,38,0,voice,en,support
2025-02-06T13:44:03Z,inf_0094,4.8,100.0,0,220,2,1,voice,fr,billing
2025-02-17T09:46:55Z,inf_0095,4.5,89.0,1,277,26,0,chat,en,support
2025-02-10T15:54:48Z,inf_0096,4.8,67.7,0,123,32,0,voice,en,support
2025-02-17T16:52:03Z,inf_0097,4.5,85.5,0,225,44,0,email,en,support
2025-02-03T12:39:16Z,inf_0098,4.7,88.5,0,384,34,0,voice,es,billing
2025-02-03T17:48:13Z,inf_0099,4.3,87.0,0,347,42,0,voice,en,billing
2025-02-18T13:43:19Z,inf_0100,4.4,80.8,0,445,48,0,voice,es,support
2025-02-16T16:51:24Z,inf_0101,4.8,82.7,0,277,68,0,chat,en,billing
2025-02-09T17:50:11Z,inf_0102,3.7,85.3,0,306,23,0,chat,fr,sales
2025-02-20T12:47:06Z,inf_0103,3.9,66.2,0,257,13,0,email,en,support
2025-02-07T15:00:23Z,inf_0104,4.3,88.1,0,349,15,0,voice,en,support
2025-02-14T09:35:19Z,inf_0105,4.7,71.8,0,402,49,0,voice,es,support
2025-02-14T08:08:20Z,inf_0106,3.8,79.4,0,294,44,1,voice,en,billing
2025-02-13T14:40:43Z,inf_0107,4.5,89.2,0,302,54,1,voice,en,billing
2025-02-04T08:22:42Z,inf_0108,2.2,54.5,1,407,98,1,voice,en,support
2025-02-05T09:40:44Z,inf_0109,4.5,92.5,0,277,12,0,chat,fr,billing
2025-02-20T16:59:47Z,inf_0110,4.4,63.9,0,358,50,0,voice,es,billing
2025-02-12T11:23:37Z,inf_0111,3.9,73.2,1,181,41,1,chat,en,sales
2025-02-18T09:17:28Z,inf_0112,4.2,80.4,0,302,64,0,voice,en,support
2025-02-13T08:04:47Z,inf_0113,2.6,56.8,2,874,168,3,voice,es,support
2025-02-18T17:24:09Z,inf_0114,5.0,84.6,0,393,23,0,email,en,billing
2025-02-03T17:58:12Z,inf_0115,4.4,83.8,0,276,28,0,chat,en,sales
2025-02-10T09:00:39Z,inf_0116,4.9,64.3,0,337,11,0,email,es,billing
2025-02-05T13:58:52Z,inf_0117,4.1,79.9,0,409,29,0,voice,es,support
2025-02-11T16:46:21Z,inf_0118,2.4,31.3,2,581,145,3,voice,en,billing
2025-02-12T13:13:57Z,inf_0119,3.7,71.8,0,367,17,0,voice,en,billing
2025-02-07T15:04:51Z,inf_0120,4.7,73.3,0,301,28,0,chat,en,billing
2025-02-19T14:08:34Z,inf_0121,4.0,73.3,1,293,50,0,voice,en,billing
2025-02-10T11:21:05Z,inf_0122,4.5,81.5,0,287,33,0,chat,fr,support
2025-02-16T13:15:24Z,inf_0123,3.2,82.2,0,424,5,0,voice,en,billing
2025-02-07T11:39:38Z,inf_0124,4.2,70.2,0,324,31,1,voice,en,billing
2025-02-06T12:51:00Z,inf_0125,3.8,66.1,0,311,29,1,voice,es,support
2025-02-13T13:55:09Z,inf_0126,4.2,100.0,0,315,20,1,voice,de,billing
2025-02-13T11:05:32Z,inf_0127,4.2,76.4,0,255,73,0,chat,en,support
2025-02-10T11:01:50Z,inf_0128,3.9,74.3,1,412,62,0,voice,en,sales
2025-02-19T08:37:13Z,inf_0129,4.3,71.5,0,308,42,0,voice,en,sales
2025-02-17T12:51:33Z,inf_0130,3.6,77.6,0,394,20,0,chat,en,support
2025-02-13T08:57:09Z,inf_0131,4.6,78.3,0,475,49,0,voice,en,support
2025-02-18T08:46:51Z,inf_0132,4.7,77.3,0,391,36,0,voice,en,support
2025-02-07T13:50:08Z,inf_0133,4.4,76.4,0,310,37,0,voice,fr,sales
2025-02-16T09:56:06Z,inf_0134,1.7,26.2,3,608,150,3,voice,es,support
2025-02-12T12:32:19Z,inf_0135,3.6,80.3,0,410,39,0,voice,es,billing
2025-02-03T17:29:17Z,inf_0136,4.9,74.9,0,294,40,1,email,en,billing
2025-02-04T16:58:48Z,inf_0137,4.6,66.6,0,372,57,0,chat,en,support
2025-02-06T15:53:08Z,inf_0138,3.3,76.4,0,239,79,1,chat,es,billing
2025-02-02T17:29:44Z,inf_0139,4.7,72.8,0,406,0,0,voice,fr,support
2025-02-03T13:02:13Z,inf_0140,3.9,69.7,1,300,47,0,voice,fr,sales
2025-02-02T11:17:55Z,inf_0141,4.2,77.3,0,318,12,0,voice,es,billing
2025-02-06T10:06:46Z,inf_0142,3.4,87.9,1,250,30,1,voice,de,billing
2025-02-16T17:42:57Z,inf_0143,4.2,75.1,0,267,12,0,voice,en,support
2025-02-07T10:30:59Z,inf_0144,4.4,77.6,0,350,58,1,chat,en,support
2025-02-19T10:12:03Z,inf_0145,4.5,71.1,0,369,31,0,chat,en,billing
2025-02-20T11:40:56Z,inf_0146,4.5,74.7,0,277,58,0,voice,fr,billing
2025-02-18T08:10:05Z,inf_0147,3.6,69.8,0,240,28,0,voice,es,support
2025-02-06T08:52:28Z,inf_0148,4.2,77.2,0,310,41,0,chat,de,support
2025-02-18T08:23:33Z,inf_0149,3.7,68.2,0,374,13,1,voice,fr,support
2025-02-08T10:22:33Z,inf_0150,4.3,70.5,1,243,41,0,email,en,support
2025-02-14T12:53:11Z,inf_0151,3.5,88.4,0,257,38,0,email,fr,sales
2025-02-05T11:22:53Z,inf_0152,3.9,87.9,0,352,14,0,voice,es,billing
2025-02-10T14:05:35Z,inf_0153,2.6,48.5,2,683,157,4,voice,es,billing
2025-02-10T15:05:24Z,inf_0154,4.3,78.3,0,287,37,0,voice,es,billing
2025-02-20T17:36:19Z,inf_0155,4.7,82.5,1,252,26,0,voice,es,billing
2025-02-11T15:41:51Z,inf_0156,4.1,77.3,0,308,39,0,voice,en,support
2025-02-08T08:10:23Z,inf_0157,4.3,75.5,1,437,40,0,chat,en,billing
2025-02-15T10:19:31Z,inf_0158,3.7,61.4,0,259,61,0,voice,es,billing
2025-02-03T15:14:34Z,inf_0159,3.7,77.2,0,296,26,0,voice,es,support
2025-02-19T12:14:56Z,inf_0160,4.9,75.0,0,462,46,1,voice,en,support
2025-02-13T16:19:36Z,inf_0161,3.9,76.9,0,243,33,0,chat,en,billing
2025-02-17T14:58:58Z,inf_0162,4.3,82.8,0,355,49,0,email,en,billing
2025-02-14T11:22:53Z,inf_0163,4.4,83.1,0,262,27,1,voice,fr,billing
2025-02-14T14:16:48Z,inf_0164,3.8,78.4,0,351,19,0,chat,es,support
2025-02-19T08:34:22Z,inf_0165,4.6,63.8,0,327,77,0,voice,en,billing
2025-02-15T17:45:29Z,inf_0166,4.5,73.5,0,402,29,0,voice,en,support
2025-02-07T17:30:46Z,inf_0167,4.0,84.5,0,466,0,0,chat,en,support
2025-02-15T14:01:09Z,inf_0168,4.6,87.4,0,384,35,0,voice,es,support
2025-02-08T14:06:45Z,inf_0169,4.5,100.0,0,513,65,0,voice,en,support
2025-02-08T14:11:02Z,inf_0170,4.6,79.0,0,417,20,0,chat,de,billing
2025-02-09T13:33:56Z,inf_0171,3.8,73.3,0,385,48,0,voice,es,billing
2025-02-11T13:32:45Z,inf_0172,4.4,89.5,0,358,21,0,chat,de,billing
2025-02-04T10:28:46Z,inf_0173,3.6,54.4,0,274,53,0,voice,en,support
2025-02-14T12:21:33Z,inf_0174,1.8,36.7,3,624,74,1,voice,en,support
2025-02-11T12:15:16Z,inf_0175,4.4,80.9,0,506,25,0,email,de,billing
2025-02-09T11:35:28Z,inf_0176,4.6,88.7,0,317,36,0,chat,es,support
2025-02-07T17:49:59Z,inf_0177,4.6,95.3,0,317,59,0,chat,en,support
2025-02-07T13:37:16Z,inf_0178,4.5,60.3,0,230,45,0,chat,es,billing
2025-02-18T17:29:18Z,inf_0179,5.0,67.0,0,325,19,0,voice,en,support
2025-02-15T15:54:41Z,inf_0180,4.5,81.3,0,250,16,0,chat,en,support
2025-02-11T12:51:44Z,inf_0181,4.9,76.9,0,439,16,0,voice,es,support
2025-02-15T15:07:38Z,inf_0182,4.1,72.8,0,336,26,0,voice,en,billing
2025-02-09T17:39:16Z,inf_0183,5.0,85.2,0,339,33,0,voice,en,support
2025-02-12T11:38:59Z,inf_0184,3.8,85.6,1,243,41,0,chat,es,billing
2025-02-18T14:46:30Z,inf_0185,4.1,82.4,0,292,50,0,voice,es,billing
2025-02-04T11:34:54Z,inf_0186,4.1,82.3,0,297,22,0,voice,en,billing
2025-02-09T16:24:02Z,inf_0187,3.8,96.0,0,341,5,0,voice,en,billing
2025-02-09T14:48:35Z,inf_0188,3.8,83.0,1,347,28,0,voice,en,support
2025-02-20T14:32:59Z,inf_0189,4.4,52.5,0,274,58,0,voice,en,billing
2025-02-16T17:15:52Z,inf_0190,4.5,84.7,0,269,53,0,voice,en,billing
2025-02-20T12:47:09Z,inf_0191,5.0,74.9,0,474,19,0,voice,en,support
2025-02-18T12:37:10Z,inf_0192,4.4,68.9,0,188,34,0,voice,es,billing
2025-02-15T13:27:52Z,inf_0193,3.7,74.6,0,386,51,1,chat,en,support
2025-02-05T09:21:29Z,inf_0194,3.8,74.8,0,297,44,0,voice,de,billing
2025-02-06T12:02:01Z,inf_0195,4.7,94.0,1,309,6,0,voice,es,support
2025-02-10T10:48:36Z,inf_0196,4.3,88.3,0,363,24,1,voice,es,support
2025-02-08T09:53:12Z,inf_0197,4.7,100.0,0,260,18,0,voice,en,support
2025-02-06T16:29:57Z,inf_0198,4.0,88.0,0,279,52,0,voice,en,sales
2025-02-14T10:39:02Z,inf_0199,3.4,92.2,0,204,18,0,chat,de,support
2025-02-03T17:52:45Z,inf_0200,5.0,89.9,0,230,23,0,voice,es,support
2025-02-02T09:31:50Z,inf_0201,3.5,66.3,0,359,36,0,email,en,sales
2025-02-12T08:03:31Z,inf_0202,4.1,80.9,0,172,9,0,email,en,support
2025-02-15T09:26:23Z,inf_0203,4.7,89.5,0,355,12,0,voice,en,billing
2025-02-13T09:15:15Z,inf_0204,4.6,86.4,0,324,49,1,chat,en,support
2025-02-18T13:13:36Z,inf_0205,4.4,67.5,1,248,66,0,voice,en,billing
2025-02-13T15:14:38Z,inf_0206,4.4,72.7,0,369,30,0,chat,es,billing
2025-02-05T16:25:20Z,inf_0207,3.9,78.9,0,357,4,0,chat,en,billing
2025-02-20T17:51:28Z,inf_0208,3.4,82.5,0,268,27,0,voice,es,billing
2025-02-11T14:39:36Z,inf_0209,3.9,84.1,0,271,49,0,voice,en,support
2025-02-18T15:03:01Z,inf_0210,4.8,86.6,0,316,54,0,voice,fr,sales
2025-02-03T15:52:21Z,inf_0211,3.8,76.3,1,364,26,0,voice,en,billing
2025-02-04T12:53:04Z,inf_0212,4.9,80.0,0,269,70,0,voice,en,billing
2025-02-20T16:34:49Z,inf_0213,4.5,87.5,1,393,53,1,chat,es,sales
2025-02-18T16:36:08Z,inf_0214,4.0,50.2,0,120,24,1,voice,es,support
2025-02-15T10:54:51Z,inf_0215,4.2,89.8,0,337,16,0,voice,de,support
2025-02-08T15:36:06Z,inf_0216,3.4,93.3,0,272,59,0,voice,es,support
2025-02-15T10:29:57Z,inf_0217,3.8,83.6,0,405,42,0,voice,en,support
2025-02-06T16:11:34Z,inf_0218,4.2,86.9,0,305,78,0,voice,en,sales
2025-02-20T13:01:15Z,inf_0219,4.9,80.1,0,347,29,0,voice,de,support
2025-02-16T08:17:32Z,inf_0220,4.3,71.0,0,338,29,0,voice,fr,support
2025-02-08T14:49:45Z,inf_0221,3.8,81.4,0,269,46,0,voice,en,billing
2025-02-16T14:32:08Z,inf_0222,4.2,87.8,0,441,6,0,voice,en,support
2025-02-10T15:12:10Z,inf_0223,2.3,47.8,1,492,96,3,chat,es,billing
2025-02-02T16:03:44Z,inf_0224,4.4,84.5,0,374,37,1,chat,fr,sales
2025-02-19T10:22:20Z,inf_0225,3.7,65.4,0,361,24,0,voice,es,support
2025-02-02T10:04:08Z,inf_0226,4.7,82.7,0,316,25,1,chat,en,billing
2025-02-12T08:49:12Z,inf_0227,3.9,85.2,0,484,57,0,voice,fr,billing
2025-02-08T16:47:26Z,inf_0228,4.7,86.7,0,244,16,0,chat,en,billing
2025-02-20T16:21:18Z,inf_0229,4.3,74.5,0,453,76,0,voice,en,billing
2025-02-12T17:02:43Z,inf_0230,4.5,84.8,0,263,39,0,voice,en,support
2025-02-08T17:08:48Z,inf_0231,3.6,85.4,0,407,0,0,voice,es,billing
2025-02-16T10:12:05Z,inf_0232,1.2,49.9,1,522,74,2,voice,fr,billing
2025-02-11T10:35:55Z,inf_0233,3.9,70.5,0,437,61,0,chat,es,support
2025-02-13T12:33:01Z,inf_0234,3.2,57.0,0,316,8,0,voice,en,billing
2025-02-02T16:28:49Z,inf_0235,4.3,74.1,1,462,38,0,voice,es,billing
2025-02-02T12:19:07Z,inf_0236,4.3,88.7,0,386,46,0,chat,en,billing
2025-02-06T13:14:11Z,inf_0237,4.3,68.5,0,390,17,0,chat,fr,billing
2025-02-06T08:14:38Z,inf_0238,2.8,43.8,2,663,128,3,voice,en,support
2025-02-05T13:57:39Z,inf_0239,4.0,85.1,1,197,9,0,voice,fr,support
2025-02-08T13:19:32Z,inf_0240,4.5,80.5,0,287,55,0,voice,en,sales
2025-02-02T16:52:16Z,inf_0241,4.1,65.8,0,147,27,0,voice,en,sales
2025-02-06T14:08:03Z,inf_0242,3.7,79.9,0,290,4,0,voice,es,support
2025-02-12T09:23:44Z,inf_0243,3.8,67.6,0,365,8,0,voice,en,support
2025-02-17T10:47:50Z,inf_0244,4.2,73.4,0,414,25,0,chat,en,sales
2025-02-08T12:31:15Z,inf_0245,4.7,92.0,0,391,29,0,voice,fr,support
2025-02-04T17:27:00Z,inf_0246,3.4,82.0,0,271,27,0,email,en,billing
2025-02-10T15:35:27Z,inf_0247,4.9,90.5,0,251,51,0,voice,de,billing
2025-02-03T15:49:39Z,inf_0248,4.0,86.3,0,309,20,0,email,en,support
2025-02-03T14:53:26Z,inf_0249,3.6,76.4,0,377,52,0,voice,en,billing
2025-02-07T12:22:43Z,inf_0250,4.6,92.2,0,390,76,0,voice,es,billing
2025-02-03T15:32:58Z,inf_0251,4.1,81.4,0,210,42,0,chat,en,billing
2025-02-15T08:22:24Z,inf_0252,2.1,32.7,2,495,100,1,voice,en,support
2025-02-17T14:05:14Z,inf_0253,3.6,77.7,0,373,12,0,chat,en,billing
2025-02-19T17:58:10Z,inf_0254,4.1,100.0,0,415,70,0,voice,en,sales
2025-02-09T13:56:16Z,inf_0255,4.5,73.9,0,379,48,0,voice,en,support
2025-02-08T11:12:19Z,inf_0256,3.1,51.3,0,414,45,0,voice,es,billing
2025-02-12T13:32:07Z,inf_0257,3.9,75.2,0,296,54,0,voice,en,billing
2025-02-20T08:42:27Z,inf_0258,4.0,90.7,1,509,31,0,chat,en,billing
2025-02-20T17:10:38Z,inf_0259,5.0,84.9,0,373,27,1,email,es,sales
2025-02-02T17:15:43Z,inf_0260,5.0,73.4,0,268,13,0,email,en,billing
2025-02-16T17:18:40Z,inf_0261,4.5,75.2,0,319,46,0,voice,fr,billing
2025-02-11T16:14:30Z,inf_0262,3.8,67.9,0,346,64,0,chat,de,support
2025-02-03T09:26:19Z,inf_0263,2.8,76.4,0,268,14,0,voice,es,sales
2025-02-07T10:23:38Z,inf_0264,4.6,60.7,0,342,36,0,voice,en,support
2025-02-09T17:25:19Z,inf_0265,4.2,86.9,0,323,21,1,voice,en,billing
2025-02-19T17:31:45Z,inf_0266,4.8,68.6,0,277,43,0,email,es,billing
2025-02-17T14:06:16Z,inf_0267,4.5,80.6,0,285,51,0,voice,es,billing
2025-02-09T16:49:56Z,inf_0268,4.2,70.3,0,293,51,0,email,en,support
2025-02-14T09:37:32Z,inf_0269,3.8,82.4,0,385,17,0,email,en,billing
2025-02-09T15:46:30Z,inf_0270,4.4,57.9,0,318,74,0,voice,es,support
2025-02-11T10:07:26Z,inf_0271,4.1,70.4,0,256,62,0,chat,en,support
2025-02-04T14:07:59Z,inf_0272,4.7,93.5,0,284,29,0,voice,en,billing
2025-02-19T14:47:27Z,inf_0273,3.7,71.0,0,385,76,0,voice,de,support
2025-02-06T09:45:37Z,inf_0274,4.6,88.8,0,252,21,0,voice,de,support
2025-02-12T16:45:53Z,inf_0275,4.2,80.3,0,207,75,0,voice,fr,support
2025-02-02T09:34:48Z,inf_0276,4.4,70.5,0,370,51,0,voice,de,sales
2025-02-05T10:32:59Z,inf_0277,4.6,62.9,0,182,30,0,chat,es,support
2025-02-14T10:50:14Z,inf_0278,4.2,71.5,0,357,43,0,email,en,billing
2025-02-03T14:23:17Z,inf_0279,4.2,69.9,1,373,49,0,voice,fr,billing
2025-02-17T13:33:00Z,inf_0280,4.0,63.6,0,266,31,0,voice,fr,support
2025-02-13T14:05:20Z,inf_0281,4.8,70.2,0,420,39,0,voice,es,billing
2025-02-17T17:17:10Z,inf_0282,3.1,89.2,0,415,32,0,chat,en,sales
2025-02-06T14:10:47Z,inf_0283,4.5,67.7,1,386,12,0,email,en,support
2025-02-07T17:02:33Z,inf_0284,4.4,81.1,0,209,43,0,chat,en,support
2025-02-06T15:02:01Z,inf_0285,3.8,69.7,0,314,36,0,chat,en,support
2025-02-16T15:45:15Z,inf_0286,4.3,97.8,0,415,48,0,email,en,billing
2025-02-09T10:37:52Z,inf_0287,4.9,73.9,0,361,24,0,email,en,billing
2025-02-10T17:35:25Z,inf_0288,4.0,81.1,0,191,55,0,chat,en,billing
2025-02-06T08:50:15Z,inf_0289,4.8,76.4,0,463,50,0,voice,en,support
2025-02-01T08:40:19Z,inf_0290,2.2,48.3,4,610,164,3,voice,en,support
2025-02-20T10:41:23Z,inf_0291,4.4,100.0,0,341,35,0,voice,en,support
2025-02-17T08:20:59Z,inf_0292,4.4,77.2,0,207,47,0,email,fr,billing
2025-02-12T15:33:07Z,inf_0293,3.7,95.3,0,322,20,0,voice,en,support
2025-02-11T13:24:31Z,inf_0294,4.3,83.8,0,379,26,0,voice,en,support
2025-02-09T08:57:45Z,inf_0295,4.5,90.8,0,216,62,0,voice,es,billing
2025-02-11T10:31:10Z,inf_0296,4.2,70.2,1,273,40,0,voice,en,billing
2025-02-20T16:50:04Z,inf_0297,4.1,88.7,0,280,0,0,voice,en,sales
2025-02-10T16:57:54Z,inf_0298,4.6,69.0,0,262,34,0,voice,fr,support
2025-02-02T16:08:48Z,inf_0299,4.3,72.9,0,182,51,1,voice,fr,billing
2025-02-05T13:43:14Z,inf_0300,4.4,95.3,0,324,20,0,voice,es,billing
2025-02-12T08:21:51Z,inf_0301,4.6,85.9,0,494,34,0,chat,en,billing
2025-02-10T10:57:14Z,inf_0302,3.7,76.8,1,254,25,0,voice,en,billing
2025-02-11T17:58:24Z,inf_0303,4.4,66.6,0,298,32,0,chat,es,sales
2025-02-10T09:37:05Z,inf_0304,4.7,58.1,0,306,55,1,voice,en,billing
2025-02-17T13:25:30Z,inf_0305,4.3,83.3,0,423,43,0,chat,fr,support
2025-02-20T09:11:56Z,inf_0306,4.8,86.5,1,120,44,0,voice,es,support
2025-02-08T12:05:23Z,inf_0307,4.2,71.9,1,182,0,0,voice,es,billing
2025-02-13T17:24:13Z,inf_0308,3.7,91.0,0,270,52,0,voice,fr,billing
2025-02-20T12:21:36Z,inf_0309,4.2,80.8,0,363,68,0,voice,en,billing
2025-02-13T13:50:19Z,inf_0310,4.4,98.0,0,346,38,0,chat,en,support
2025-02-13T12:34:41Z,inf_0311,4.5,78.7,1,256,25,0,chat,fr,support
2025-02-12T12:02:48Z,inf_0312,5.0,83.7,0,397,56,0,voice,en,sales
2025-02-13T09:27:47Z,inf_0313,4.5,82.1,1,245,8,0,chat,fr,billing
2025-02-16T09:39:30Z,inf_0314,5.0,79.9,0,395,44,0,voice,en,billing
2025-02-10T15:21:12Z,inf_0315,3.8,81.5,0,370,35,0,chat,en,billing
2025-02-11T09:39:36Z,inf_0316,4.2,69.5,0,491,54,0,chat,fr,support
2025-02-06T15:39:29Z,inf_0317,4.9,77.8,0,265,34,0,voice,en,support
2025-02-09T09:44:17Z,inf_0318,2.8,74.0,0,201,47,0,chat,en,support
2025-02-16T08:11:45Z,inf_0319,3.7,89.7,0,395,32,0,chat,fr,support
2025-02-06T09:40:40Z,inf_0320,4.2,78.7,0,304,54,0,chat,en,billing
2025-02-03T12:17:59Z,inf_0321,4.6,91.4,0,224,43,0,voice,fr,billing
2025-02-04T10:30:54Z,inf_0322,3.5,76.3,0,282,42,1,chat,en,billing
2025-02-08T14:05:29Z,inf_0323,4.1,68.4,0,291,30,0,voice,en,support
2025-02-14T09:22:49Z,inf_0324,4.5,85.5,0,239,38,0,voice,de,support
2025-02-17T09:15:06Z,inf_0325,5.0,86.3,0,298,30,0,voice,en,support
2025-02-12T14:38:42Z,inf_0326,4.4,61.6,0,506,43,1,voice,en,support
2025-02-08T14:01:00Z,inf_0327,4.8,82.4,0,406,13,0,chat,es,support
2025-02-11T08:00:17Z,inf_0328,3.4,82.8,0,268,9,0,voice,en,support
2025-02-16T11:54:52Z,inf_0329,5.0,82.4,0,159,55,0,voice,en,billing
2025-02-04T13:46:13Z,inf_0330,3.9,81.1,1,385,53,0,chat,es,support
2025-02-16T14:12:42Z,inf_0331,4.6,76.8,0,176,28,0,voice,en,billing
2025-02-08T16:37:29Z,inf_0332,4.4,89.9,0,220,25,1,voice,en,support
2025-02-16T08:07:08Z,inf_0333,4.3,89.4,0,259,30,0,email,en,support
2025-02-14T13:44:10Z,inf_0334,4.2,89.3,0,357,69,0,voice,en,sales
2025-02-01T10:16:49Z,inf_0335,3.7,74.7,0,278,51,0,voice,es,support
2025-02-08T13:15:25Z,inf_0336,3.5,55.1,0,191,68,1,voice,en,support
2025-02-16T11:14:52Z,inf_0337,4.7,62.8,0,397,58,0,voice,de,support
2025-02-12T13:29:36Z,inf_0338,4.1,98.9,0,209,34,0,voice,de,billing
2025-02-19T15:56:05Z,inf_0339,3.6,94.7,0,255,44,0,voice,es,support
2025-02-12T17:32:42Z,inf_0340,4.8,95.7,0,296,28,0,email,fr,billing
2025-02-11T17:24:22Z,inf_0341,4.8,82.3,0,199,26,1,voice,es,support
2025-02-10T10:15:54Z,inf_0342,4.1,69.9,0,339,36,0,chat,es,billing
2025-02-05T15:38:12Z,inf_0343,4.8,58.8,0,461,14,0,chat,en,support
2025-02-04T11:41:35Z,inf_0344,4.8,78.9,0,351,14,0,chat,en,support
2025-02-09T17:00:22Z,inf_0345,3.6,53.7,0,207,33,0,voice,en,billing
2025-02-10T12:44:50Z,inf_0346,4.0,77.6,0,197,23,0,voice,es,support
2025-02-13T16:26:13Z,inf_0347,4.2,62.7,0,258,49,0,voice,es,billing
2025-02-20T11:57:38Z,inf_0348,4.8,79.0,0,356,30,0,voice,es,support
2025-02-03T15:16:24Z,inf_0349,4.5,97.2,0,314,6,0,voice,en,support
2025-02-20T11:18:29Z,inf_0350,3.7,86.5,0,400,81,0,voice,fr,billing
2025-02-05T08:01:39Z,inf_0351,4.4,80.0,0,260,5,0,email,en,billing
2025-02-07T15:57:40Z,inf_0352,4.0,84.2,0,427,23,0,voice,en,billing
2025-02-19T10:46:48Z,inf_0353,3.9,69.2,1,407,41,0,chat,es,billing
2025-02-03T12:10:14Z,inf_0354,3.7,78.8,0,357,33,0,voice,es,sales
2025-02-07T16:36:56Z,inf_0355,4.1,67.3,0,329,18,0,voice,es,sales
2025-02-04T11:21:31Z,inf_0356,4.6,86.4,1,284,28,0,voice,en,support
2025-02-07T12:21:35Z,inf_0357,3.6,75.9,0,290,25,0,voice,en,support
2025-02-10T09:26:47Z,inf_0358,4.2,71.2,0,191,45,0,voice,es,billing
2025-02-08T12:28:09Z,inf_0359,5.0,78.3,0,385,69,0,voice,en,billing
2025-02-04T16:14:43Z,inf_0360,4.3,76.3,0,357,0,0,chat,en,billing
2025-02-10T11:49:27Z,inf_0361,4.6,66.9,0,220,12,0,email,en,billing
2025-02-13T12:30:26Z,inf_0362,3.7,80.6,0,390,41,0,voice,en,billing
2025-02-04T14:31:22Z,inf_0363,4.2,72.9,0,356,43,0,voice,en,billing
2025-02-10T13:20:41Z,inf_0364,4.8,84.5,0,154,12,0,chat,en,support
2025-02-05T15:58:02Z,inf_0365,4.4,78.4,0,350,27,0,email,en,sales
2025-02-02T09:49:00Z,inf_0366,3.6,61.5,0,240,28,0,email,en,support
2025-02-17T14:23:09Z,inf_0367,4.1,76.1,0,375,4,0,voice,en,billing
2025-02-05T12:48:33Z,inf_0368,4.8,95.8,1,257,79,0,chat,en,support
2025-02-09T15:18:08Z,inf_0369,3.8,73.4,0,335,55,0,voice,es,sales
2025-02-19T14:21:14Z,inf_0370,4.1,86.3,0,384,56,0,voice,en,support
2025-02-05T17:00:37Z,inf_0371,4.1,73.9,0,246,0,0,voice,es,support
2025-02-16T09:36:51Z,inf_0372,4.4,89.8,0,292,13,0,voice,en,support
2025-02-04T14:03:20Z,inf_0373,3.9,72.5,1,323,36,0,voice,en,support
2025-02-05T10:03:43Z,inf_0374,3.8,63.3,0,326,35,0,voice,es,sales
2025-02-02T14:19:17Z,inf_0375,3.6,85.7,0,355,18,1,voice,fr,billing
2025-02-16T11:37:46Z,inf_0376,4.3,64.6,1,306,29,1,voice,es,support
2025-02-11T15:08:10Z,inf_0377,3.8,77.8,0,234,27,0,email,es,billing
2025-02-03T13:47:26Z,inf_0378,4.4,93.8,0,321,0,0,voice,de,billing
2025-02-20T17:03:08Z,inf_0379,4.4,68.7,0,388,54,0,chat,en,support
2025-02-18T17:51:52Z,inf_0380,3.8,77.1,0,333,20,0,voice,de,support
2025-02-06T17:53:47Z,inf_0381,4.1,82.3,0,318,47,0,voice,es,support
2025-02-04T11:02:27Z,inf_0382,3.8,73.5,0,251,29,0,email,en,support
2025-02-17T10:38:23Z,inf_0383,4.6,77.3,0,347,23,0,voice,en,billing
2025-02-06T16:31:18Z,inf_0384,4.1,74.6,0,542,50,0,voice,es,sales
2025-02-06T09:18:38Z,inf_0385,4.4,90.5,1,388,29,0,chat,en,support
2025-02-20T12:38:24Z,inf_0386,3.6,62.4,0,316,60,0,voice,en,support
2025-02-11T12:11:08Z,inf_0387,5.0,68.8,0,336,9,0,chat,es,sales
2025-02-04T17:27:50Z,inf_0388,4.9,84.5,0,464,46,0,chat,en,support
2025-02-15T17:48:56Z,inf_0389,2.0,44.0,3,585,164,3,voice,fr,support
2025-02-17T08:12:01Z,inf_0390,3.4,67.4,0,276,15,1,voice,es,billing
2025-02-05T13:33:49Z,inf_0391,4.3,71.9,0,368,46,1,chat,en,billing
2025-02-02T16:26:00Z,inf_0392,3.5,68.8,0,407,13,0,chat,en,billing
2025-02-15T11:05:30Z,inf_0393,3.4,76.7,0,320,28,0,voice,en,sales
2025-02-04T12:19:52Z,inf_0394,4.4,61.8,1,504,14,0,chat,es,billing
2025-02-13T09:41:16Z,inf_0395,4.0,74.2,0,305,41,0,email,de,billing
2025-02-03T08:37:14Z,inf_0396,4.4,85.0,0,431,43,0,voice,en,support
2025-02-10T12:19:53Z,inf_0397,4.0,71.9,0,419,55,0,voice,es,support
2025-02-10T17:41:10Z,inf_0398,4.0,67.2,0,315,33,1,voice,es,billing
2025-02-17T11:54:54Z,inf_0399,3.8,77.3,0,257,27,0,voice,de,support
2025-02-17T15:39:23Z,inf_0400,2.5,44.4,1,412,114,2,voice,en,billing
2025-02-02T08:06:27Z,inf_0401,3.7,84.7,1,295,40,0,voice,es,billing
2025-02-11T13:36:51Z,inf_0402,4.7,68.1,0,500,12,0,chat,es,support
2025-02-12T10:24:33Z,inf_0403,4.2,69.8,0,284,8,0,chat,en,support
2025-02-12T08:25:36Z,inf_0404,4.2,83.8,0,268,57,0,voice,es,billing
2025-02-14T15:23:15Z,inf_0405,3.8,85.9,0,258,28,0,voice,en,billing
2025-02-15T17:27:07Z,inf_0406,4.5,89.3,0,282,59,0,chat,en,support
2025-02-20T17:36:18Z,inf_0407,4.0,82.7,0,368,39,0,voice,en,sales
2025-02-08T08:37:52Z,inf_0408,3.9,68.7,0,391,43,0,voice,en,billing
2025-02-03T16:36:23Z,inf_0409,3.8,74.1,0,353,51,0,voice,de,support
2025-02-12T12:46:11Z,inf_0410,4.5,93.1,0,244,15,0,voice,en,billing
2025-02-12T14:20:48Z,inf_0411,3.9,88.3,0,366,28,0,voice,fr,billing
2025-02-20T16:33:01Z,inf_0412,4.2,80.4,0,387,49,1,voice,de,support
2025-02-17T16:02:26Z,inf_0413,4.1,87.2,0,440,43,0,chat,en,billing
2025-02-07T08:17:16Z,inf_0414,4.7,73.2,0,417,59,0,voice,en,support
2025-02-18T11:18:04Z,inf_0415,4.4,67.4,0,378,0,0,voice,en,support
2025-02-16T15:18:04Z,inf_0416,4.1,86.5,0,433,47,0,chat,en,billing
2025-02-15T09:21:40Z,inf_0417,4.1,66.8,0,242,52,0,voice,en,support
2025-02-18T11:03:32Z,inf_0418,4.2,72.0,1,364,29,0,chat,en,billing
2025-02-12T14:03:38Z,inf_0419,4.2,75.8,1,370,31,0,chat,en,billing
2025-02-10T15:43:09Z,inf_0420,3.5,84.8,0,233,60,0,voice,en,support
2025-02-02T08:16:44Z,inf_0421,4.1,100.0,0,120,37,0,chat,en,support
2025-02-16T12:52:28Z,inf_0422,3.6,78.8,0,370,11,0,chat,de,sales
2025-02-11T16:31:25Z,inf_0423,4.3,63.7,0,124,17,0,voice,en,billing
2025-02-13T14:08:17Z,inf_0424,4.8,93.4,0,325,48,0,chat,es,support
2025-02-10T16:01:34Z,inf_0425,4.4,84.2,0,284,57,1,voice,en,billing
2025-02-09T17:13:52Z,inf_0426,3.2,74.1,0,255,33,1,voice,en,billing
2025-02-03T12:20:00Z,inf_0427,4.0,84.0,1,357,59,0,chat,de,support
2025-02-03T15:42:09Z,inf_0428,4.2,67.3,0,300,3,0,chat,es,billing
2025-02-14T16:12:00Z,inf_0429,3.9,96.7,0,340,42,0,voice,es,support
2025-02-07T10:46:39Z,inf_0430,5.0,71.7,0,120,44,0,chat,en,support
2025-02-07T12:50:47Z,inf_0431,3.9,69.8,0,250,68,0,chat,es,billing
2025-02-09T12:19:19Z,inf_0432,4.5,70.7,0,324,37,0,voice,fr,support
2025-02-09T17:40:16Z,inf_0433,3.7,90.0,0,253,35,1,voice,en,support
2025-02-11T12:23:20Z,inf_0434,4.4,70.9,1,464,11,0,chat,en,support
2025-02-07T14:56:00Z,inf_0435,4.8,96.3,0,283,52,0,voice,en,billing
2025-02-02T10:11:29Z,inf_0436,4.3,75.5,1,322,58,1,chat,en,sales
2025-02-05T13:53:11Z,inf_0437,3.8,58.8,0,324,0,1,voice,en,billing
2025-02-09T15:31:29Z,inf_0438,4.0,89.4,0,325,40,0,voice,en,support
2025-02-19T11:59:42Z,inf_0439,3.6,95.7,0,435,36,0,voice,en,billing
2025-02-14T14:25:48Z,inf_0440,4.3,70.4,0,310,26,0,voice,en,support
2025-02-06T16:00:58Z,inf_0441,4.3,68.4,0,319,43,0,voice,en,support
2025-02-13T08:24:44Z,inf_0442,4.2,75.7,0,344,34,0,voice,en,billing
2025-02-08T14:41:31Z,inf_0443,2.3,32.2,1,432,91,1,voice,en,billing
2025-02-15T15:55:13Z,inf_0444,4.2,64.2,0,373,32,1,voice,en,support
2025-02-12T12:06:53Z,inf_0445,3.8,78.8,1,302,32,0,chat,en,billing
2025-02-13T08:52:46Z,inf_0446,3.7,72.2,0,290,17,0,voice,en,support
2025-02-14T12:21:03Z,inf_0447,4.9,80.2,0,331,32,0,voice,en,support
2025-02-05T12:28:53Z,inf_0448,4.6,98.9,0,247,33,0,voice,fr,sales
2025-02-15T16:33:31Z,inf_0449,4.5,53.8,0,500,51,0,voice,es,support
2025-02-15T10:40:21Z,inf_0450,4.5,71.4,0,252,39,0,voice,en,billing
2025-02-13T10:39:05Z,inf_0451,4.8,68.9,0,382,52,0,voice,en,billing
2025-02-19T09:55:56Z,inf_0452,4.7,73.6,0,230,57,0,email,es,support
2025-02-09T17:44:18Z,inf_0453,3.0,65.4,0,413,30,0,voice,fr,support
2025-02-05T08:03:22Z,inf_0454,3.7,64.1,0,236,11,0,chat,en,support
2025-02-06T17:07:11Z,inf_0455,4.4,69.4,0,296,31,0,voice,de,support
2025-02-14T16:20:11Z,inf_0456,3.8,64.1,0,262,28,0,email,es,billing
2025-02-19T11:01:55Z,inf_0457,3.4,88.6,0,354,28,0,chat,en,billing
2025-02-15T08:50:57Z,inf_0458,4.8,67.7,1,412,20,0,chat,de,support
2025-02-09T11:11:33Z,inf_0459,4.0,67.1,0,291,17,0,chat,en,support
2025-02-10T10:19:45Z,inf_0460,4.0,59.7,0,373,41,0,email,en,sales
2025-02-03T11:16:47Z,inf_0461,4.5,73.6,0,361,10,0,voice,es,billing
2025-02-04T13:55:54Z,inf_0462,4.0,64.9,0,342,58,0,chat,en,billing
2025-02-13T16:49:27Z,inf_0463,4.6,77.6,0,306,42,0,email,en,billing
2025-02-05T09:29:18Z,inf_0464,3.3,49.5,1,882,171,4,voice,en,support
2025-02-09T16:00:01Z,inf_0465,3.7,75.6,0,268,38,0,chat,es,billing
2025-02-04T16:59:14Z,inf_0466,4.4,75.5,1,331,28,0,chat,en,support
2025-02-04T12:01:53Z,inf_0467,4.1,83.0,0,444,39,0,chat,en,billing
2025-02-10T12:38:18Z,inf_0468,3.2,78.3,0,258,48,0,voice,en,billing
2025-02-12T12:47:18Z,inf_0469,3.8,80.8,0,372,47,0,voice,fr,billing
2025-02-11T11:45:20Z,inf_0470,4.2,72.1,0,271,17,1,email,en,billing
2025-02-10T16:21:26Z,inf_0471,4.8,93.3,0,197,78,0,voice,es,sales
2025-02-03T13:29:53Z,inf_0472,4.1,75.8,0,372,58,0,chat,en,support
2025-02-20T08:40:05Z,inf_0473,4.0,100.0,0,278,14,0,chat,en,support
2025-02-03T09:57:46Z,inf_0474,3.3,88.0,0,241,53,0,email,de,support
2025-02-08T17:27:33Z,inf_0475,4.0,92.6,0,393,44,0,email,en,billing
2025-02-14T12:12:41Z,inf_0476,3.1,41.6,1,784,150,4,chat,en,billing
2025-02-20T15:41:21Z,inf_0477,4.1,89.6,0,435,60,1,voice,fr,support
2025-02-20T11:40:59Z,inf_0478,4.2,59.6,0,475,26,0,voice,en,support
2025-02-14T16:15:34Z,inf_0479,3.8,81.8,0,308,69,0,voice,en,billing
2025-02-13T16:45:21Z,inf_0480,4.4,87.0,0,429,32,0,voice,de,support
2025-02-14T10:49:39Z,inf_0481,4.3,86.4,0,342,6,0,voice,en,support
2025-02-03T15:13:32Z,inf_0482,4.8,62.1,0,222,40,0,email,es,billing
2025-02-02T17:07:33Z,inf_0483,4.4,72.3,0,304,38,0,email,en,support
2025-02-09T11:19:30Z,inf_0484,3.7,86.5,0,296,0,0,voice,en,billing
2025-02-12T13:27:34Z,inf_0485,3.3,71.0,0,290,0,0,chat,en,billing
2025-02-02T17:19:08Z,inf_0486,4.1,79.5,0,310,16,0,voice,en,support
2025-02-02T11:20:28Z,inf_0487,3.6,74.9,0,170,56,0,voice,en,support
2025-02-08T13:35:00Z,inf_0488,4.2,70.0,0,275,14,0,voice,en,support
2025-02-05T10:49:28Z,inf_0489,3.7,86.4,0,258,24,0,chat,en,support
2025-02-11T14:25:42Z,inf_0490,4.9,86.6,0,304,17,0,voice,en,support
2025-02-19T11:37:57Z,inf_0491,4.4,77.1,0,396,3,0,voice,fr,billing
2025-02-13T15:10:53Z,inf_0492,4.3,84.6,0,449,9,0,voice,en,billing
2025-02-17T16:13:47Z,inf_0493,3.6,86.5,0,291,73,0,chat,en,billing
2025-02-03T14:18:00Z,inf_0494,4.5,68.7,0,320,7,0,voice,de,billing
2025-02-10T10:08:46Z,inf_0495,4.7,81.5,0,350,78,0,voice,en,support
2025-02-05T17:26:24Z,inf_0496,4.8,80.2,1,339,4,0,chat,en,support
2025-02-10T16:51:36Z,inf_0497,4.6,82.3,1,262,23,0,email,en,billing
2025-02-10T11:16:18Z,inf_0498,4.1,88.6,0,391,33,1,chat,en,support
2025-02-19T12:22:41Z,inf_0499,4.3,90.8,0,364,6,0,voice,es,billing
2025-02-19T10:57:59Z,inf_0500,5.0,70.0,0,417,33,0,chat,en,billing
2025-02-15T08:44:45Z,inf_0501,4.4,86.7,0,410,14,0,chat,en,sales
2025-02-05T14:48:51Z,inf_0502,4.0,88.5,0,300,24,0,voice,en,billing
2025-02-09T14:46:42Z,inf_0503,3.7,84.1,0,281,45,0,voice,en,support
2025-02-20T12:26:27Z,inf_0504,4.2,77.8,0,419,19,1,chat,de,support
2025-02-17T15:59:56Z,inf_0505,4.2,84.6,0,489,57,0,voice,en,support
2025-02-05T16:32:40Z,inf_0506,2.4,37.1,1,521,132,2,voice,en,support
2025-02-15T17:21:09Z,inf_0507,5.0,65.7,0,372,21,0,voice,es,sales
2025-02-09T15:02:52Z,inf_0508,4.1,70.2,0,173,39,0,voice,es,billing
2025-02-03T08:26:36Z,inf_0509,2.8,41.1,2,611,215,4,chat,de,billing
2025-02-17T11:39:33Z,inf_0510,3.8,70.1,0,196,92,0,voice,de,support
2025-02-07T08:49:38Z,inf_0511,3.7,86.4,0,251,54,0,voice,en,support
2025-02-12T09:49:09Z,inf_0512,5.0,91.5,0,381,49,0,voice,en,support
2025-02-08T15:40:04Z,inf_0513,3.8,74.2,0,195,65,0,voice,en,sales
2025-02-02T08:09:17Z,inf_0514,3.7,76.1,0,450,28,0,chat,fr,billing
2025-02-08T12:33:32Z,inf_0515,3.2,62.5,1,355,67,0,voice,en,billing
2025-02-17T17:40:10Z,inf_0516,5.0,78.0,1,179,41,0,voice,fr,billing
2025-02-06T13:22:39Z,inf_0517,4.9,77.8,0,283,28,0,voice,fr,support
2025-02-05T12:07:09Z,inf_0518,4.4,88.3,1,316,24,0,voice,de,support
2025-02-12T08:08:03Z,inf_0519,1.7,33.1,1,630,139,1,chat,de,support
2025-02-02T11:27:13Z,inf_0520,4.1,77.5,0,353,12,0,voice,en,support
2025-02-09T14:20:50Z,inf_0521,4.3,63.9,0,120,52,0,voice,en,support
2025-02-15T12:00:29Z,inf_0522,4.8,76.5,0,282,41,0,email,es,support
2025-02-19T11:06:16Z,inf_0523,4.7,63.3,0,350,32,0,voice,fr,support
2025-02-08T14:32:40Z,inf_0524,4.4,62.0,0,308,33,1,chat,en,support
2025-02-10T11:13:04Z,inf_0525,4.5,83.3,0,347,60,0,voice,en,support
2025-02-13T14:21:55Z,inf_0526,3.9,67.5,1,208,59,0,voice,de,billing
2025-02-18T11:55:44Z,inf_0527,4.3,72.1,0,369,37,0,voice,en,support
2025-02-06T09:05:13Z,inf_0528,4.0,77.7,0,335,55,0,chat,es,billing
2025-02-14T10:42:42Z,inf_0529,3.7,79.7,0,339,20,0,voice,en,support
2025-02-03T08:00:09Z,inf_0530,4.9,100.0,0,315,40,0,voice,es,support
2025-02-13T12:45:45Z,inf_0531,3.2,79.4,0,120,52,0,voice,en,sales
2025-02-03T14:07:30Z,inf_0532,5.0,63.8,0,307,57,0,chat,fr,support
2025-02-14T10:11:59Z,inf_0533,5.0,66.4,0,308,22,0,voice,en,billing
2025-02-07T08:01:05Z,inf_0534,4.5,83.8,0,335,35,0,voice,en,support
2025-02-18T11:12:37Z,inf_0535,3.7,82.2,0,351,32,0,email,es,support
2025-02-10T15:37:24Z,inf_0536,4.2,79.0,0,233,21,0,email,fr,support
2025-02-05T09:22:43Z,inf_0537,3.0,78.0,0,375,36,0,chat,en,support
2025-02-03T08:35:25Z,inf_0538,3.6,85.4,0,414,8,0,chat,en,support
2025-02-16T11:01:33Z,inf_0539,4.3,76.8,1,288,47,0,voice,en,billing
2025-02-10T16:46:25Z,inf_0540,4.3,93.2,0,399,0,1,chat,en,sales
2025-02-05T17:35:41Z,inf_0541,4.2,77.2,0,452,26,1,chat,en,support
2025-02-07T10:07:06Z,inf_0542,4.2,79.8,0,312,55,0,chat,fr,support
2025-02-06T15:09:55Z,inf_0543,4.5,74.0,0,326,0,0,voice,en,billing
2025-02-11T10:57:17Z,inf_0544,4.5,76.6,0,229,42,0,voice,en,billing
2025-02-04T15:44:14Z,inf_0545,3.8,66.5,0,283,38,1,voice,en,billing
2025-02-20T11:18:40Z,inf_0546,3.8,86.2,0,368,0,0,email,es,support
2025-02-12T16:20:54Z,inf_0547,4.2,88.7,0,315,43,0,voice,en,billing
2025-02-18T11:53:59Z,inf_0548,4.6,96.0,0,393,21,1,chat,en,support
2025-02-13T13:15:54Z,inf_0549,3.9,72.9,0,211,5,0,voice,en,support
2025-02-04T11:42:43Z,inf_0550,3.9,65.3,0,260,38,0,voice,en,billing
2025-02-04T09:43:30Z,inf_0551,4.2,80.5,0,295,50,0,chat,en,billing
2025-02-11T11:52:45Z,inf_0552,4.5,79.0,0,240,45,0,chat,en,support
2025-02-15T14:37:28Z,inf_0553,3.9,63.2,0,251,34,0,chat,en,support
2025-02-03T15:39:13Z,inf_0554,3.9,87.7,0,368,28,1,email,de,support
2025-02-19T15:48:12Z,inf_0555,3.5,92.9,0,306,8,0,chat,en,support
2025-02-20T12:55:08Z,inf_0556,4.0,60.9,0,334,12,0,chat,de,support
2025-02-09T08:07:02Z,inf_0557,4.5,92.2,0,339,81,0,chat,en,billing
2025-02-07T13:40:43Z,inf_0558,4.4,83.0,0,408,32,0,chat,en,sales
2025-02-02T12:26:30Z,inf_0559,5.0,79.1,1,384,50,0,voice,en,support
2025-02-08T08:51:33Z,inf_0560,4.5,87.8,1,293,20,0,voice,en,support
2025-02-05T17:11:14Z,inf_0561,3.6,60.8,0,329,39,0,voice,en,billing
2025-02-18T14:03:09Z,inf_0562,1.9,40.4,2,737,148,3,chat,fr,billing
2025-02-18T12:08:06Z,inf_0563,4.4,70.0,0,299,5,1,voice,es,billing
2025-02-16T14:48:31Z,inf_0564,3.8,76.0,0,293,33,0,voice,en,billing
2025-02-07T16:22:03Z,inf_0565,4.9,90.1,0,317,44,1,chat,fr,support
2025-02-10T16:27:05Z,inf_0566,4.2,90.6,0,477,19,0,voice,en,billing
2025-02-15T16:10:30Z,inf_0567,4.9,82.5,0,407,32,0,chat,en,billing
2025-02-08T16:56:58Z,inf_0568,4.2,93.3,0,221,5,0,voice,en,billing
2025-02-08T16:04:10Z,inf_0569,3.7,92.5,0,167,43,0,chat,en,billing
2025-02-07T17:56:15Z,inf_0570,2.6,29.0,4,780,219,4,voice,en,support
2025-02-04T08:14:33Z,inf_0571,3.9,76.9,0,267,30,0,voice,en,sales
2025-02-04T15:21:24Z,inf_0572,4.1,91.0,0,372,37,0,chat,en,billing
2025-02-17T12:06:03Z,inf_0573,4.6,88.0,0,283,51,1,voice,en,sales
2025-02-02T17:45:33Z,inf_0574,4.4,87.1,0,212,49,0,chat,de,support
2025-02-09T14:06:57Z,inf_0575,5.0,76.4,0,348,8,0,voice,de,support
2025-02-20T15:01:18Z,inf_0576,4.9,94.8,0,504,26,1,voice,es,billing
2025-02-04T08:44:13Z,inf_0577,3.5,77.6,0,313,61,0,voice,en,support
2025-02-11T14:39:06Z,inf_0578,4.4,91.8,0,317,19,0,voice,fr,support
2025-02-09T16:20:58Z,inf_0579,4.4,97.7,0,374,2,1,chat,es,support
2025-02-14T13:06:59Z,inf_0580,3.9,87.2,0,405,46,1,chat,en,support
2025-02-08T12:05:50Z,inf_0581,4.9,88.9,0,279,51,0,voice,de,billing
2025-02-02T13:01:28Z,inf_0582,4.4,75.9,0,335,67,0,chat,en,support
2025-02-18T08:11:51Z,inf_0583,4.4,78.1,0,328,25,0,voice,de,support
2025-02-17T13:13:54Z,inf_0584,3.5,76.7,0,398,0,0,chat,es,support
2025-02-18T15:14:11Z,inf_0585,4.3,79.6,0,326,62,0,voice,es,sales
2025-02-10T17:34:16Z,inf_0586,3.7,78.3,0,269,6,0,chat,en,support
2025-02-12T09:36:42Z,inf_0587,3.8,70.0,0,333,49,0,voice,en,sales
2025-02-14T11:12:35Z,inf_0588,4.7,71.0,0,386,52,0,chat,es,support
2025-02-02T14:55:10Z,inf_0589,4.1,76.7,1,312,67,0,voice,en,billing
2025-02-05T15:53:04Z,inf_0590,3.6,73.9,1,345,73,0,chat,es,support
2025-02-06T08:09:03Z,inf_0591,3.8,90.1,0,215,17,0,chat,de,support
2025-02-18T16:06:14Z,inf_0592,4.8,94.3,0,366,29,0,email,es,billing
2025-02-15T10:34:51Z,inf_0593,4.1,83.2,0,345,23,0,voice,es,sales
2025-02-17T08:47:47Z,inf_0594,3.5,82.3,0,236,20,0,chat,en,support
2025-02-19T11:55:06Z,inf_0595,4.3,62.9,0,329,41,0,voice,de,sales
2025-02-05T09:58:27Z,inf_0596,3.8,58.0,0,290,19,0,voice,fr,support
2025-02-07T10:12:35Z,inf_0597,3.8,79.0,0,426,17,0,voice,en,support
2025-02-14T14:35:43Z,inf_0598,4.6,97.0,0,257,57,0,voice,en,billing
2025-02-13T15:57:34Z,inf_0599,4.3,72.4,0,436,30,0,voice,es,sales
2025-02-16T16:50:33Z,inf_0600,4.2,85.7,0,310,45,0,voice,en,billing
2025-02-02T11:14:36Z,inf_0601,4.6,88.7,0,400,32,0,voice,fr,support
2025-02-04T08:12:20Z,inf_0602,4.0,74.3,0,291,60,0,voice,de,billing
2025-02-08T08:35:19Z,inf_0603,4.1,83.5,0,321,27,0,chat,fr,support
2025-02-07T15:52:43Z,inf_0604,2.7,94.0,0,295,47,0,voice,es,billing
2025-02-15T09:55:51Z,inf_0605,5.0,78.6,0,395,43,0,voice,fr,support
2025-02-06T08:10:49Z,inf_0606,2.1,36.9,2,580,67,2,voice,fr,billing
2025-02-05T09:31:48Z,inf_0607,3.7,69.8,0,313,31,1,email,fr,support
2025-02-04T14:52:15Z,inf_0608,3.4,75.9,0,184,8,0,voice,en,support
2025-02-14T15:53:20Z,inf_0609,3.8,78.1,0,429,31,0,email,es,support
2025-02-14T15:39:20Z,inf_0610,4.2,74.4,0,350,38,0,chat,es,support
2025-02-05T12:33:41Z,inf_0611,4.3,79.8,0,281,6,0,voice,en,support
2025-02-08T15:19:49Z,inf_0612,4.4,65.7,0,343,57,1,chat,en,support
2025-02-17T08:52:08Z,inf_0613,4.2,99.0,0,277,21,0,voice,en,support
2025-02-16T13:25:26Z,inf_0614,5.0,73.9,0,266,35,0,email,en,support
2025-02-16T10:44:07Z,inf_0615,4.3,88.6,0,427,35,0,chat,en,support
2025-02-15T09:14:00Z,inf_0616,5.0,82.0,0,260,72,0,voice,en,billing
2025-02-11T12:46:20Z,inf_0617,1.5,47.5,3,681,131,3,voice,en,support
2025-02-12T08:54:38Z,inf_0618,3.4,67.9,0,310,41,0,voice,fr,support
2025-02-13T17:41:12Z,inf_0619,1.8,40.4,2,477,137,3,chat,fr,support
2025-02-02T14:01:33Z,inf_0620,4.9,61.2,0,322,28,0,voice,en,support
2025-02-20T13:48:14Z,inf_0621,3.2,77.7,0,329,0,0,voice,fr,support
2025-02-05T16:21:28Z,inf_0622,4.0,83.2,0,286,5,0,email,fr,sales
2025-02-19T16:35:07Z,inf_0623,5.0,74.6,1,248,40,1,voice,en,billing
2025-02-05T09:23:22Z,inf_0624,4.5,66.7,1,364,40,0,voice,en,billing
2025-02-02T14:51:22Z,inf_0625,3.5,67.2,0,309,34,0,voice,de,support
2025-02-12T17:42:01Z,inf_0626,4.0,68.0,0,247,25,0,voice,en,billing
2025-02-02T08:03:43Z,inf_0627,5.0,75.6,0,286,42,0,chat,en,support
2025-02-08T09:35:03Z,inf_0628,2.2,32.4,2,581,157,2,voice,en,support
2025-02-20T09:00:47Z,inf_0629,4.0,78.4,0,462,60,0,voice,en,support
2025-02-12T16:15:13Z,inf_0630,4.4,67.8,0,214,12,1,chat,en,sales
2025-02-02T12:21:12Z,inf_0631,1.3,34.2,3,400,121,3,voice,en,support
2025-02-11T09:58:13Z,inf_0632,4.0,72.3,0,473,35,0,voice,en,support
2025-02-07T16:02:21Z,inf_0633,4.3,84.8,0,271,12,1,chat,fr,support
2025-02-16T15:59:32Z,inf_0634,4.6,77.0,0,179,18,0,voice,de,support
2025-02-19T16:41:10Z,inf_0635,3.8,80.5,0,312,21,0,chat,de,support
2025-02-06T13:03:10Z,inf_0636,3.9,83.1,0,217,12,0,voice,en,billing
2025-02-02T12:00:48Z,inf_0637,4.2,79.6,0,289,16,0,voice,en,billing
2025-02-03T09:35:51Z,inf_0638,3.2,51.9,2,651,191,2,voice,en,support
2025-02-10T11:47:55Z,inf_0639,4.4,68.2,0,353,45,0,voice,en,billing
2025-02-02T14:02:38Z,inf_0640,2.1,28.8,4,785,130,4,chat,en,billing
2025-02-09T17:47:17Z,inf_0641,4.7,73.3,0,273,8,0,voice,en,billing
2025-02-06T15:31:19Z,inf_0642,3.8,84.0,0,365,48,0,voice,en,billing
2025-02-02T14:39:32Z,inf_0643,4.3,80.5,0,222,23,0,voice,en,sales
2025-02-06T16:26:32Z,inf_0644,1.5,40.4,2,615,115,1,chat,es,support
2025-02-09T15:18:02Z,inf_0645,4.1,81.0,0,407,18,0,voice,en,billing
2025-02-11T10:50:59Z,inf_0646,4.1,80.3,0,258,44,0,chat,es,billing
2025-02-07T10:55:23Z,inf_0647,2.3,50.0,3,408,132,2,voice,en,billing
2025-02-18T08:31:42Z,inf_0648,3.7,67.6,0,314,17,1,voice,en,sales
2025-02-16T10:13:13Z,inf_0649,3.1,85.3,0,410,18,0,voice,en,support
2025-02-18T14:24:00Z,inf_0650,4.2,66.6,0,300,31,0,voice,de,support
2025-02-05T12:01:33Z,inf_0651,4.4,70.7,0,139,33,0,chat,en,support
2025-02-19T11:07:53Z,inf_0652,4.2,67.2,0,293,78,0,voice,en,billing
2025-02-19T11:06:32Z,inf_0653,4.5,77.2,0,331,41,0,chat,en,billing
2025-02-12T14:12:15Z,inf_0654,4.3,67.8,0,269,15,0,email,fr,support
2025-02-08T11:02:55Z,inf_0655,3.1,55.5,2,886,177,2,voice,en,billing
2025-02-18T14:15:25Z,inf_0656,4.1,72.6,0,369,41,1,voice,de,billing
2025-02-13T13:19:53Z,inf_0657,4.6,87.8,0,327,73,1,chat,en,billing
2025-02-07T13:43:16Z,inf_0658,1.7,47.8,1,632,99,1,chat,de,billing
2025-02-05T14:00:54Z,inf_0659,4.7,80.3,0,363,73,0,voice,en,support
2025-02-20T12:29:00Z,inf_0660,3.6,69.2,0,268,67,1,voice,en,billing
2025-02-05T17:08:25Z,inf_0661,4.9,96.8,0,462,52,0,voice,de,sales
2025-02-18T12:02:01Z,inf_0662,3.8,65.8,0,252,23,0,chat,de,billing
2025-02-16T08:02:27Z,inf_0663,1.3,30.9,3,510,75,2,chat,en,billing
2025-02-17T16:11:26Z,inf_0664,4.7,73.0,0,271,31,0,voice,de,sales
2025-02-04T09:40:18Z,inf_0665,4.8,84.2,0,257,20,0,voice,es,support
2025-02-06T17:37:51Z,inf_0666,4.0,81.5,0,411,47,0,chat,es,billing
2025-02-15T09:42:48Z,inf_0667,4.8,70.1,0,340,29,0,voice,de,support
2025-02-04T10:20:03Z,inf_0668,3.9,75.7,0,283,55,0,chat,de,support
2025-02-10T08:17:40Z,inf_0669,4.0,63.0,0,317,33,0,chat,en,support
2025-02-10T08:49:03Z,inf_0670,4.2,78.8,0,268,23,1,voice,es,billing
2025-02-16T09:32:26Z,inf_0671,3.7,96.0,0,319,35,0,voice,en,billing
2025-02-13T13:56:34Z,inf_0672,4.1,81.4,0,276,51,0,voice,en,support
2025-02-17T11:33:28Z,inf_0673,4.5,81.7,1,295,31,0,voice,en,support
2025-02-15T08:19:27Z,inf_0674,4.7,78.0,0,353,30,0,voice,es,sales
2025-02-04T10:33:37Z,inf_0675,4.0,70.9,0,370,81,0,voice,es,billing
2025-02-03T11:05:58Z,inf_0676,3.5,63.4,0,334,53,0,chat,en,billing
2025-02-05T12:36:14Z,inf_0677,4.3,68.9,0,253,29,0,chat,en,billing
2025-02-10T17:14:23Z,inf_0678,3.7,73.0,0,402,58,0,chat,es,billing
2025-02-20T12:42:23Z,inf_0679,4.0,71.8,0,405,17,0,voice,es,billing
2025-02-06T16:27:41Z,inf_0680,4.8,88.3,0,277,51,0,voice,de,support
2025-02-15T15:24:43Z,inf_0681,3.4,65.5,0,282,22,1,chat,en,billing
2025-02-18T12:35:44Z,inf_0682,4.1,68.2,0,354,4,0,voice,en,billing
2025-02-17T10:16:21Z,inf_0683,4.3,75.5,0,352,0,0,email,es,support
2025-02-02T16:41:48Z,inf_0684,3.8,61.2,0,211,28,0,chat,es,billing
2025-02-18T16:20:13Z,inf_0685,3.9,100.0,0,421,27,0,voice,fr,support
2025-02-02T13:30:02Z,inf_0686,4.5,66.5,0,290,32,0,voice,es,billing
2025-02-11T13:37:01Z,inf_0687,4.2,83.5,0,328,37,0,chat,de,support
2025-02-15T11:10:41Z,inf_0688,5.0,100.0,0,412,0,0,chat,en,support
2025-02-07T16:36:55Z,inf_0689,5.0,56.9,0,272,30,0,chat,es,support
2025-02-08T17:11:12Z,inf_0690,5.0,79.2,0,319,29,0,chat,en,support
2025-02-16T16:45:36Z,inf_0691,4.8,69.6,0,297,29,1,voice,en,support
2025-02-13T08:17:49Z,inf_0692,3.9,73.4,0,409,25,0,chat,en,support
2025-02-14T10:43:53Z,inf_0693,3.7,76.3,1,261,19,1,voice,es,support
2025-02-16T17:56:06Z,inf_0694,3.9,85.8,0,357,38,0,email,en,billing
2025-02-19T10:16:57Z,inf_0695,4.2,78.8,0,253,2,0,chat,es,support
2025-02-07T16:10:37Z,inf_0696,3.7,74.2,0,372,71,0,chat,en,billing
2025-02-14T13:03:14Z,inf_0697,4.6,90.3,0,274,58,0,voice,fr,support
2025-02-07T09:44:08Z,inf_0698,4.0,87.3,0,515,47,0,voice,en,sales
2025-02-10T10:40:09Z,inf_0699,2.9,76.3,0,304,40,0,voice,en,sales
2025-02-04T09:23:18Z,inf_0700,4.5,70.5,0,344,42,0,voice,en,billing
2025-02-17T15:04:02Z,inf_0701,4.8,68.5,0,459,3,0,chat,fr,billing
2025-02-14T17:57:52Z,inf_0702,4.4,76.1,1,330,69,0,voice,en,sales
2025-02-19T11:22:17Z,inf_0703,4.2,74.1,0,392,47,0,voice,en,billing
2025-02-12T12:41:00Z,inf_0704,4.2,94.9,0,363,23,0,voice,en,billing
2025-02-19T15:11:34Z,inf_0705,4.7,78.1,0,339,30,0,chat,en,sales
2025-02-11T08:17:13Z,inf_0706,4.4,87.0,0,351,14,0,chat,en,support
2025-02-04T14:42:29Z,inf_0707,4.2,69.5,0,367,56,0,voice,en,billing
2025-02-04T15:48:52Z,inf_0708,4.1,85.5,0,438,0,0,voice,en,billing
2025-02-16T16:53:35Z,inf_0709,4.3,71.1,1,390,13,0,chat,de,billing
2025-02-20T17:28:03Z,inf_0710,4.0,88.4,0,397,35,0,voice,en,billing
2025-02-16T08:51:29Z,inf_0711,3.6,92.7,0,333,37,0,voice,en,billing
2025-02-15T15:48:54Z,inf_0712,3.8,87.1,0,364,0,0,chat,en,support
2025-02-08T09:21:28Z,inf_0713,4.4,73.7,1,458,1,0,voice,en,support
2025-02-11T15:51:29Z,inf_0714,3.6,91.0,0,253,13,0,voice,en,billing
2025-02-08T16:07:21Z,inf_0715,3.9,90.2,0,355,7,1,chat,es,support
2025-02-05T08:47:46Z,inf_0716,3.9,79.8,0,251,60,0,voice,es,support
2025-02-04T11:35:03Z,inf_0717,3.3,77.6,0,459,0,0,chat,en,support
2025-02-19T09:37:12Z,inf_0718,3.4,87.7,0,435,14,0,voice,en,billing
2025-02-14T14:20:25Z,inf_0719,4.5,74.9,0,180,31,0,voice,de,support
2025-02-04T08:36:02Z,inf_0720,3.9,84.6,0,314,15,0,voice,en,billing
2025-02-04T10:59:50Z,inf_0721,3.2,55.6,2,736,189,2,voice,es,support
2025-02-05T17:40:50Z,inf_0722,4.1,74.3,0,242,48,0,voice,en,sales
2025-02-14T14:03:55Z,inf_0723,5.0,86.0,0,437,53,0,voice,en,support
2025-02-07T08:35:23Z,inf_0724,4.3,78.4,0,396,34,1,voice,en,sales
2025-02-07T10:16:10Z,inf_0725,4.3,82.8,0,313,31,0,voice,fr,billing
2025-02-09T11:08:46Z,inf_0726,4.0,80.1,1,166,3,0,voice,en,sales
2025-02-04T17:17:57Z,inf_0727,3.9,83.9,0,372,20,1,chat,en,support
2025-02-05T17:11:45Z,inf_0728,4.2,73.4,0,417,53,0,voice,es,billing
2025-02-06T16:38:09Z,inf_0729,4.0,66.9,0,394,71,0,voice,en,billing
2025-02-10T13:34:51Z,inf_0730,3.1,55.2,0,313,37,0,voice,fr,support
2025-02-06T10:25:41Z,inf_0731,4.9,88.9,0,204,36,0,voice,es,support
2025-02-10T13:58:13Z,inf_0732,3.6,57.4,0,353,2,0,email,en,billing
2025-02-20T12:46:07Z,inf_0733,4.6,86.0,0,120,15,0,chat,en,support
2025-02-17T10:53:49Z,inf_0734,4.7,73.6,0,337,25,0,voice,en,billing
2025-02-20T08:00:45Z,inf_0735,4.3,79.1,0,354,48,1,voice,en,billing
2025-02-18T11:13:55Z,inf_0736,4.5,71.3,0,273,40,0,chat,de,support
2025-02-19T14:11:18Z,inf_0737,3.8,87.0,0,527,12,0,email,en,billing
2025-02-04T11:05:42Z,inf_0738,4.2,86.1,0,444,20,0,chat,es,support
2025-02-14T16:42:43Z,inf_0739,5.0,86.6,0,276,56,0,voice,fr,support
2025-02-10T13:44:49Z,inf_0740,3.5,73.0,1,280,12,0,voice,en,billing
2025-02-17T15:38:21Z,inf_0741,3.8,66.5,0,257,28,0,voice,en,billing
2025-02-17T17:14:38Z,inf_0742,4.6,76.1,0,379,53,0,voice,en,support
2025-02-16T10:25:44Z,inf_0743,4.1,71.4,1,399,65,1,chat,en,support
2025-02-20T15:55:16Z,inf_0744,4.7,86.0,0,233,52,0,voice,en,billing
2025-02-06T10:13:16Z,inf_0745,4.1,97.4,0,303,32,0,chat,en,billing
2025-02-14T13:18:47Z,inf_0746,3.8,87.1,0,260,45,0,voice,es,billing
2025-02-20T13:50:16Z,inf_0747,3.8,80.8,0,353,23,0,voice,en,support
2025-02-17T14:25:36Z,inf_0748,4.0,70.2,0,211,20,0,chat,fr,support
2025-02-18T10:20:55Z,inf_0749,4.1,76.1,0,348,59,0,voice,en,support
2025-02-20T09:34:16Z,inf_0750,3.7,76.1,0,412,4,0,chat,en,billing
2025-02-14T10:19:16Z,inf_0751,4.7,76.7,0,483,24,0,voice,en,support
2025-02-19T14:24:53Z,inf_0752,4.5,70.8,0,316,38,0,chat,en,support
2025-02-17T10:20:20Z,inf_0753,3.6,60.1,0,268,29,0,email,en,billing
2025-02-09T10:14:32Z,inf_0754,4.6,89.8,0,401,51,1,chat,en,billing
2025-02-09T14:29:33Z,inf_0755,2.1,54.0,1,534,84,2,voice,en,billing
2025-02-12T14:04:15Z,inf_0756,4.1,60.9,0,356,38,0,voice,en,billing
2025-02-07T08:11:21Z,inf_0757,2.6,74.8,0,339,20,0,chat,es,support
2025-02-18T14:52:17Z,inf_0758,3.5,73.7,0,508,35,0,voice,en,support
2025-02-10T09:11:03Z,inf_0759,3.7,77.5,0,330,10,0,email,en,support
2025-02-11T12:49:18Z,inf_0760,4.1,95.7,0,432,37,1,voice,es,support
2025-02-04T11:15:02Z,inf_0761,3.1,88.4,0,285,30,0,voice,en,billing
2025-02-15T10:39:22Z,inf_0762,3.6,83.4,0,281,6,0,voice,en,support
2025-02-06T16:15:30Z,inf_0763,4.0,80.7,0,404,0,0,chat,en,billing
2025-02-19T16:46:08Z,inf_0764,3.7,75.6,0,296,46,0,voice,en,billing
2025-02-14T10:28:52Z,inf_0765,4.2,77.0,0,333,33,0,email,en,billing
2025-02-15T09:51:48Z,inf_0766,4.4,93.4,0,309,31,0,voice,de,support
2025-02-09T08:57:06Z,inf_0767,4.8,72.8,0,399,65,0,voice,es,support
2025-02-12T15:04:36Z,inf_0768,3.2,49.7,2,858,102,3,voice,en,sales
2025-02-18T08:25:32Z,inf_0769,5.0,80.7,1,306,20,0,voice,es,support
2025-02-06T15:01:59Z,inf_0770,3.8,69.3,1,291,56,0,email,en,support
2025-02-17T11:55:00Z,inf_0771,4.4,72.2,0,348,24,0,voice,en,support
2025-02-15T11:07:17Z,inf_0772,4.1,67.6,0,478,7,0,voice,en,billing
2025-02-08T09:45:51Z,inf_0773,4.7,79.8,0,162,61,0,voice,en,sales
2025-02-14T11:16:35Z,inf_0774,4.1,69.6,0,453,60,0,email,en,support
2025-02-10T10:47:13Z,inf_0775,5.0,83.6,0,343,45,0,chat,de,billing
2025-02-19T11:28:22Z,inf_0776,4.5,85.1,0,261,59,0,voice,de,support
2025-02-16T15:06:42Z,inf_0777,4.4,80.7,0,213,31,1,voice,es,support
2025-02-09T17:34:41Z,inf_0778,4.0,68.5,0,386,0,0,email,en,billing
2025-02-07T17:02:03Z,inf_0779,4.4,95.0,0,372,41,0,voice,fr,billing
2025-02-16T13:19:19Z,inf_0780,4.2,66.7,0,333,19,0,voice,es,billing
2025-02-14T16:30:06Z,inf_0781,3.6,71.5,0,231,52,0,voice,en,billing
2025-02-14T14:48:59Z,inf_0782,3.9,78.7,0,233,38,1,voice,fr,support
2025-02-07T10:10:58Z,inf_0783,4.5,76.8,0,400,50,0,chat,en,billing
2025-02-09T11:45:13Z,inf_0784,4.5,80.6,0,191,9,0,voice,es,billing
2025-02-09T16:19:36Z,inf_0785,4.3,89.9,0,276,7,0,voice,en,billing
2025-02-06T11:35:20Z,inf_0786,4.3,63.7,0,275,29,0,voice,fr,billing
2025-02-02T08:12:34Z,inf_0787,3.3,46.9,1,710,107,2,voice,de,billing
2025-02-18T13:39:26Z,inf_0788,4.5,62.8,0,367,27,0,chat,en,billing
2025-02-11T16:23:30Z,inf_0789,5.0,65.7,0,321,11,0,voice,en,billing
2025-02-08T14:21:26Z,inf_0790,3.9,75.9,1,444,1,0,email,de,support
2025-02-12T10:38:22Z,inf_0791,4.7,75.3,0,392,29,1,chat,en,billing
2025-02-14T11:43:40Z,inf_0792,3.8,75.2,0,228,10,0,voice,en,support
2025-02-14T08:43:02Z,inf_0793,1.8,54.6,2,503,99,3,voice,en,billing
2025-02-20T16:16:34Z,inf_0794,4.0,68.3,0,181,43,0,chat,de,support
2025-02-20T08:58:19Z,inf_0795,4.4,81.3,0,207,55,0,chat,en,support
2025-02-14T08:48:02Z,inf_0796,3.8,73.9,0,307,53,1,voice,de,billing
2025-02-19T13:26:28Z,inf_0797,4.4,83.9,0,295,0,1,voice,en,billing
2025-02-18T12:06:07Z,inf_0798,4.7,70.7,0,236,15,0,voice,es,support
2025-02-14T11:10:14Z,inf_0799,4.9,61.9,0,289,63,0,voice,es,sales
2025-02-18T14:35:41Z,inf_0800,4.7,78.7,0,368,36,1,chat,en,support
2025-02-13T11:05:07Z,inf_0801,4.4,70.7,0,350,31,0,voice,fr,sales
2025-02-04T13:43:57Z,inf_0802,2.7,34.8,2,786,208,3,voice,en,billing
2025-02-13T11:24:41Z,inf_0803,4.1,70.9,0,341,30,0,voice,en,support
2025-02-17T16:15:07Z,inf_0804,4.4,87.4,0,408,68,0,voice,en,support
2025-02-03T11:12:15Z,inf_0805,3.9,67.2,0,305,20,0,voice,en,sales
2025-02-06T17:22:15Z,inf_0806,3.9,73.8,1,357,33,0,voice,fr,support
2025-02-15T09:45:49Z,inf_0807,4.4,89.3,0,287,8,0,email,en,support
2025-02-05T13:13:34Z,inf_0808,4.8,76.1,0,380,29,0,voice,en,sales
2025-02-12T08:15:29Z,inf_0809,4.0,87.7,0,360,50,0,voice,en,support
2025-02-02T17:48:29Z,inf_0810,5.0,99.5,0,296,49,0,chat,es,billing
2025-02-12T17:31:10Z,inf_0811,4.1,62.6,0,172,18,0,chat,en,billing
2025-02-05T17:39:22Z,inf_0812,3.9,72.0,1,309,17,1,chat,en,billing
2025-02-15T13:07:36Z,inf_0813,4.5,75.1,0,513,34,0,voice,de,support
2025-02-19T17:47:50Z,inf_0814,4.7,69.7,1,385,68,0,voice,en,support
2025-02-19T13:49:44Z,inf_0815,4.0,64.7,0,350,0,0,voice,fr,billing
2025-02-18T11:58:31Z,inf_0816,4.6,63.7,0,255,50,0,voice,es,support
2025-02-20T12:03:29Z,inf_0817,3.9,72.1,0,398,20,0,voice,en,billing
2025-02-16T14:51:39Z,inf_0818,4.2,79.0,0,531,44,0,chat,en,billing
2025-02-03T11:09:05Z,inf_0819,4.4,89.8,0,298,0,0,chat,es,sales
2025-02-13T12:42:12Z,inf_0820,4.2,98.1,0,340,50,0,voice,es,sales
2025-02-06T10:01:24Z,inf_0821,3.8,63.3,0,380,23,0,chat,es,support
2025-02-16T14:03:39Z,inf_0822,4.1,69.3,1,213,71,0,voice,es,billing
2025-02-13T16:36:52Z,inf_0823,3.9,69.8,0,381,75,0,voice,en,support
2025-02-15T15:10:39Z,inf_0824,3.5,76.4,0,230,36,0,chat,en,support
2025-02-11T08:30:17Z,inf_0825,4.1,87.5,0,195,22,0,chat,en,billing
2025-02-13T16:22:49Z,inf_0826,4.2,72.3,0,341,33,0,voice,en,billing
2025-02-19T16:27:58Z,inf_0827,3.6,85.5,0,339,56,0,voice,en,support
2025-02-06T09:07:18Z,inf_0828,3.6,89.7,0,374,34,0,voice,en,support
2025-02-09T10:26:04Z,inf_0829,4.5,97.0,0,393,60,0,voice,fr,billing
2025-02-17T14:38:54Z,inf_0830,4.1,76.8,1,307,0,0,voice,en,billing
2025-02-09T16:36:23Z,inf_0831,4.0,78.5,1,378,33,0,chat,en,support
2025-02-17T09:52:29Z,inf_0832,4.8,72.7,0,370,32,0,chat,en,support
2025-02-18T14:09:08Z,inf_0833,4.4,54.6,0,394,55,1,email,es,sales
2025-02-06T17:48:44Z,inf_0834,5.0,86.0,0,319,0,0,chat,en,billing
2025-02-02T10:43:58Z,inf_0835,4.1,84.8,0,314,29,0,voice,en,support
2025-02-17T10:28:05Z,inf_0836,4.2,79.9,0,266,48,0,voice,en,billing
2025-02-14T10:23:19Z,inf_0837,3.5,65.4,1,163,56,0,voice,de,support
2025-02-20T15:39:45Z,inf_0838,3.7,85.1,0,249,19,0,voice,es,billing
2025-02-14T10:13:08Z,inf_0839,4.3,82.2,0,415,61,0,email,es,support
2025-02-16T10:06:35Z,inf_0840,3.4,78.7,0,250,1,1,voice,en,billing
2025-02-12T12:33:07Z,inf_0841,4.2,93.4,0,319,70,0,voice,es,billing
2025-02-16T14:06:52Z,inf_0842,4.5,71.3,0,358,48,0,email,en,billing
2025-02-15T16:34:33Z,inf_0843,3.8,83.9,0,288,33,0,voice,es,support
2025-02-03T12:02:22Z,inf_0844,3.8,60.0,0,381,64,0,chat,fr,billing
2025-02-18T15:40:36Z,inf_0845,3.7,78.8,0,409,27,0,voice,es,support
2025-02-16T11:17:00Z,inf_0846,5.0,79.9,0,269,44,0,voice,en,sales
2025-02-13T17:36:28Z,inf_0847,4.2,75.9,0,260,20,0,voice,en,support
2025-02-10T13:13:47Z,inf_0848,3.8,75.5,0,358,40,0,chat,de,support
2025-02-12T13:03:40Z,inf_0849,3.8,76.7,1,329,15,0,voice,fr,support
2025-02-02T09:51:28Z,inf_0850,3.4,82.3,0,120,33,0,voice,en,support
2025-02-02T08:43:54Z,inf_0851,3.6,65.5,0,365,27,0,voice,en,billing
2025-02-17T15:14:52Z,inf_0852,4.2,82.6,0,382,6,0,voice,en,support
2025-02-18T13:08:23Z,inf_0853,4.4,89.1,0,248,13,0,chat,en,billing
2025-02-05T09:13:14Z,inf_0854,3.9,91.8,0,346,38,0,voice,es,support
2025-02-04T11:43:47Z,inf_0855,3.8,97.8,1,323,21,1,voice,en,billing
2025-02-02T14:22:42Z,inf_0856,4.4,85.4,0,294,52,0,chat,en,billing
2025-02-19T12:59:21Z,inf_0857,3.6,78.8,0,270,39,0,voice,en,billing
2025-02-06T14:24:36Z,inf_0858,4.5,87.8,0,264,18,0,voice,en,billing
2025-02-11T11:06:17Z,inf_0859,4.2,93.0,0,196,58,0,voice,fr,support
2025-02-17T11:17:04Z,inf_0860,3.8,83.4,0,375,24,0,chat,en,support
2025-02-09T15:00:39Z,inf_0861,3.6,80.6,0,408,33,0,voice,de,support
2025-02-07T08:20:00Z,inf_0862,4.3,75.5,0,390,30,1,email,en,billing
2025-02-10T16:26:27Z,inf_0863,4.8,78.0,0,390,52,0,chat,fr,billing
2025-02-15T08:58:32Z,inf_0864,5.0,83.8,0,229,17,0,chat,es,billing
2025-02-09T09:30:44Z,inf_0865,3.8,84.4,0,327,43,0,voice,en,support
2025-02-13T11:08:23Z,inf_0866,3.5,80.9,0,423,0,0,voice,de,billing
2025-02-11T15:09:57Z,inf_0867,3.5,68.9,0,423,3,0,chat,en,support
2025-02-04T12:28:04Z,inf_0868,4.6,84.7,0,393,28,1,voice,en,support
2025-02-03T12:10:59Z,inf_0869,3.7,78.6,1,402,51,0,chat,en,billing
2025-02-11T11:28:19Z,inf_0870,3.8,63.4,1,394,38,0,voice,en,support
2025-02-14T12:17:08Z,inf_0871,4.1,81.7,1,339,28,0,email,en,billing
2025-02-04T10:11:50Z,inf_0872,4.0,73.0,0,263,37,0,voice,en,billing
2025-02-10T15:37:25Z,inf_0873,2.0,30.7,2,578,158,2,voice,fr,support
2025-02-12T08:21:53Z,inf_0874,4.8,82.3,0,218,58,0,chat,en,support
2025-02-18T12:04:18Z,inf_0875,3.8,71.4,1,291,33,1,voice,de,billing
2025-02-05T11:40:58Z,inf_0876,2.8,28.2,3,585,136,4,voice,en,billing
2025-02-03T12:35:25Z,inf_0877,4.2,74.0,0,455,37,1,voice,en,billing
2025-02-18T08:08:29Z,inf_0878,4.5,66.2,0,412,24,0,voice,fr,billing
2025-02-02T13:09:41Z,inf_0879,4.9,82.8,0,329,18,0,voice,de,sales
2025-02-05T14:25:14Z,inf_0880,4.5,95.4,0,311,18,0,voice,en,support
2025-02-02T12:49:28Z,inf_0881,3.6,61.0,0,280,57,0,voice,de,support
2025-02-11T10:08:17Z,inf_0882,5.0,85.3,1,285,83,0,chat,fr,support
2025-02-09T17:37:43Z,inf_0883,3.5,68.9,1,340,50,0,email,es,support
2025-02-05T11:00:25Z,inf_0884,4.6,67.6,0,288,34,0,voice,en,billing
2025-02-17T09:18:54Z,inf_0885,3.4,96.1,0,310,53,0,voice,en,support
2025-02-06T13:47:14Z,inf_0886,4.8,90.5,0,455,47,0,chat,es,support
2025-02-17T11:24:29Z,inf_0887,3.8,81.2,0,231,14,0,chat,fr,support
2025-02-03T08:16:27Z,inf_0888,4.7,86.9,0,406,33,0,voice,es,sales
2025-02-19T14:26:43Z,inf_0889,4.2,88.9,0,330,20,1,voice,en,sales
2025-02-08T08:46:11Z,inf_0890,4.7,81.9,0,286,17,0,voice,de,billing
2025-02-16T12:41:59Z,inf_0891,3.9,79.3,0,316,31,1,voice,en,sales
2025-02-16T14:26:20Z,inf_0892,4.5,90.7,0,350,47,0,email,en,billing
2025-02-16T11:46:12Z,inf_0893,4.5,84.2,0,227,28,1,voice,es,sales
2025-02-07T12:51:20Z,inf_0894,3.7,63.2,0,145,33,0,voice,en,support
2025-02-16T11:27:54Z,inf_0895,4.2,83.7,0,134,18,0,chat,en,support
2025-02-07T08:41:02Z,inf_0896,3.8,64.9,0,281,97,0,chat,en,billing
2025-02-16T10:42:07Z,inf_0897,3.4,72.1,0,367,45,0,voice,es,billing
2025-02-11T17:32:25Z,inf_0898,4.2,76.1,0,297,54,0,voice,en,support
2025-02-11T10:22:53Z,inf_0899,4.2,87.0,0,410,13,0,voice,en,support
2025-02-17T10:33:27Z,inf_0900,1.1,52.2,2,544,100,3,chat,en,billing
2025-02-18T09:22:31Z,inf_0901,4.1,80.4,0,291,17,0,voice,es,support
2025-02-19T17:13:24Z,inf_0902,4.0,76.8,0,372,36,0,voice,es,support
2025-02-07T14:56:18Z,inf_0903,4.2,87.7,0,313,1,0,voice,fr,sales
2025-02-06T15:19:32Z,inf_0904,4.0,82.5,0,391,39,1,chat,en,support
2025-02-05T13:19:36Z,inf_0905,4.3,65.2,0,297,57,0,email,es,support
2025-02-13T14:37:13Z,inf_0906,4.2,86.3,0,246,42,1,voice,de,billing
2025-02-16T08:34:29Z,inf_0907,4.5,85.2,0,427,0,0,voice,en,support
2025-02-10T11:16:02Z,inf_0908,4.9,70.2,1,240,50,0,voice,de,billing
2025-02-16T11:17:53Z,inf_0909,4.2,79.1,0,240,13,1,chat,en,support
2025-02-11T14:06:17Z,inf_0910,3.8,81.2,1,376,61,1,chat,fr,support
2025-02-18T14:44:18Z,inf_0911,3.5,90.0,0,442,65,0,voice,en,support
2025-02-17T16:02:33Z,inf_0912,4.1,71.4,0,278,23,1,voice,en,support
2025-02-04T16:06:11Z,inf_0913,2.7,70.8,0,348,50,0,chat,de,support
2025-02-13T16:14:40Z,inf_0914,4.5,87.3,0,433,61,0,chat,en,support
2025-02-09T08:20:33Z,inf_0915,4.2,71.5,0,308,47,0,chat,fr,sales
2025-02-02T17:26:48Z,inf_0916,4.2,68.5,0,245,14,1,email,en,support
2025-02-20T12:11:53Z,inf_0917,2.5,83.7,0,281,62,0,chat,en,support
2025-02-12T08:08:56Z,inf_0918,2.5,34.6,2,740,204,3,email,en,support
2025-02-13T14:59:35Z,inf_0919,3.8,82.6,0,425,28,0,email,de,billing
2025-02-03T11:38:29Z,inf_0920,5.0,71.4,0,256,55,0,email,de,support
2025-02-06T09:33:26Z,inf_0921,4.5,76.1,0,238,51,0,voice,en,billing
2025-02-02T11:13:35Z,inf_0922,3.3,84.5,0,296,25,0,voice,es,support
2025-02-17T15:54:51Z,inf_0923,2.8,81.9,0,297,49,0,voice,en,sales
2025-02-12T15:10:46Z,inf_0924,4.4,88.2,0,400,60,0,chat,es,support
2025-02-10T08:02:54Z,inf_0925,4.9,78.5,1,341,18,0,chat,es,sales
2025-02-11T11:41:32Z,inf_0926,4.5,87.3,0,238,23,0,chat,en,sales
2025-02-09T09:24:16Z,inf_0927,3.6,72.4,0,343,4,0,voice,en,billing
2025-02-03T13:16:01Z,inf_0928,4.6,63.4,0,277,15,0,voice,de,support
2025-02-08T14:13:31Z,inf_0929,3.7,82.9,1,230,51,0,chat,en,sales
2025-02-19T10:20:39Z,inf_0930,4.9,78.2,0,293,37,0,chat,de,support
2025-02-13T12:30:49Z,inf_0931,5.0,69.6,0,412,28,0,chat,en,support
2025-02-08T15:17:15Z,inf_0932,3.5,63.3,0,338,24,0,email,en,billing
2025-02-17T17:16:45Z,inf_0933,4.1,87.3,0,255,50,0,voice,fr,sales
2025-02-06T13:10:33Z,inf_0934,4.5,73.7,0,324,15,0,chat,es,sales
2025-02-02T14:46:07Z,inf_0935,4.4,89.2,0,373,4,1,voice,en,support
2025-02-08T11:43:58Z,inf_0936,4.3,92.2,0,292,53,0,voice,es,sales
2025-02-13T08:41:04Z,inf_0937,4.0,89.6,0,369,57,0,chat,es,billing
2025-02-09T17:03:02Z,inf_0938,4.9,74.1,0,324,52,0,voice,en,sales
2025-02-07T14:26:12Z,inf_0939,4.7,71.6,1,418,29,0,voice,es,billing
2025-02-05T09:01:41Z,inf_0940,5.0,92.9,0,245,68,0,chat,de,billing
2025-02-18T10:05:36Z,inf_0941,4.4,73.9,0,393,65,0,chat,es,support
2025-02-15T15:35:18Z,inf_0942,3.0,52.1,1,745,131,2,voice,de,billing
2025-02-14T14:07:18Z,inf_0943,3.9,58.9,0,326,27,0,voice,fr,billing
2025-02-18T16:15:41Z,inf_0944,5.0,77.1,1,329,39,1,voice,en,billing
2025-02-11T15:16:37Z,inf_0945,3.6,86.3,0,294,60,0,voice,en,billing
2025-02-11T16:45:52Z,inf_0946,1.7,30.1,2,748,137,3,voice,es,support
2025-02-12T17:05:38Z,inf_0947,4.5,78.4,0,322,36,0,chat,en,support
2025-02-18T16:13:09Z,inf_0948,3.8,94.7,0,326,23,0,voice,en,support
2025-02-06T12:26:33Z,inf_0949,4.5,68.1,0,225,43,0,chat,en,sales
2025-02-13T12:36:06Z,inf_0950,4.5,63.6,0,318,38,0,chat,en,billing
2025-02-19T15:16:57Z,inf_0951,4.3,68.8,0,436,78,0,voice,de,billing
2025-02-13T16:06:38Z,inf_0952,4.3,60.6,0,281,83,0,chat,fr,support
2025-02-15T13:36:50Z,inf_0953,4.2,75.2,0,274,49,0,voice,en,sales
2025-02-05T08:00:44Z,inf_0954,4.2,71.5,0,401,44,1,voice,en,support
2025-02-17T10:15:07Z,inf_0955,3.9,59.8,0,284,45,0,voice,es,sales
2025-02-15T15:05:27Z,inf_0956,4.2,72.7,0,254,20,0,chat,fr,support
2025-02-11T13:43:15Z,inf_0957,4.5,62.4,0,273,41,0,voice,en,billing
2025-02-15T11:19:30Z,inf_0958,4.6,70.6,0,476,51,0,chat,en,sales
2025-02-12T10:58:51Z,inf_0959,4.4,65.9,1,313,54,0,voice,de,billing
2025-02-03T15:26:03Z,inf_0960,4.8,72.2,0,408,43,0,chat,de,support
2025-02-11T10:38:37Z,inf_0961,4.6,78.8,0,292,29,0,voice,en,support
2025-02-13T10:00:14Z,inf_0962,4.6,74.6,0,294,27,0,chat,es,billing
2025-02-19T10:36:33Z,inf_0963,3.4,87.1,0,265,53,1,email,fr,support
2025-02-16T11:35:14Z,inf_0964,4.7,88.9,0,325,21,1,voice,en,support
2025-02-07T12:32:24Z,inf_0965,3.8,77.8,1,256,0,0,voice,en,support
2025-02-02T10:16:23Z,inf_0966,4.6,80.9,0,375,29,1,voice,en,billing
2025-02-08T15:28:51Z,inf_0967,3.6,79.0,0,411,3,1,voice,en,support
2025-02-11T13:31:28Z,inf_0968,4.7,86.3,0,451,30,0,voice,en,billing
2025-02-05T16:41:47Z,inf_0969,4.2,80.8,0,308,45,0,voice,fr,support
2025-02-07T14:32:30Z,inf_0970,3.7,76.1,0,311,8,0,chat,fr,support
2025-02-03T14:44:25Z,inf_0971,2.0,44.1,4,791,165,4,voice,en,billing
2025-02-05T12:06:17Z,inf_0972,4.2,49.9,0,368,27,0,voice,en,support
2025-02-09T11:27:22Z,inf_0973,3.9,71.9,0,385,36,1,voice,en,billing
2025-02-18T16:50:41Z,inf_0974,4.3,100.0,0,325,57,0,chat,fr,support
2025-02-10T17:12:13Z,inf_0975,4.1,82.7,0,218,14,0,chat,es,billing
2025-02-11T12:00:53Z,inf_0976,4.8,89.2,0,289,48,0,chat,en,billing
2025-02-08T11:42:15Z,inf_0977,4.8,85.2,0,346,44,0,voice,es,billing
2025-02-17T11:10:09Z,inf_0978,4.4,92.8,0,286,17,0,chat,de,support
2025-02-08T17:27:59Z,inf_0979,4.2,60.3,1,227,37,1,email,fr,billing
2025-02-15T17:54:58Z,inf_0980,4.5,64.7,0,220,33,0,voice,en,sales
2025-02-04T10:05:55Z,inf_0981,3.8,89.2,0,359,8,0,voice,en,billing
2025-02-15T13:12:28Z,inf_0982,4.1,71.7,0,316,60,0,voice,en,support
2025-02-19T12:42:18Z,inf_0983,3.9,87.4,0,291,55,0,voice,es,billing
2025-02-03T14:17:52Z,inf_0984,4.2,82.5,0,340,13,1,voice,en,support
2025-02-09T11:12:26Z,inf_0985,3.8,69.8,0,435,7,0,chat,en,support
2025-02-03T12:48:02Z,inf_0986,3.3,64.8,0,242,34,0,chat,en,support
2025-02-11T15:21:42Z,inf_0987,4.9,85.4,0,338,36,1,chat,es,billing
2025-02-08T14:06:49Z,inf_0988,4.5,69.0,0,351,0,0,voice,en,billing
2025-02-06T15:48:20Z,inf_0989,4.5,74.6,0,293,49,0,email,en,support
2025-02-11T08:43:56Z,inf_0990,4.2,84.5,0,334,71,0,voice,en,support
2025-02-04T16:27:31Z,inf_0991,3.2,77.4,0,257,29,1,voice,en,support
2025-02-14T12:36:23Z,inf_0992,4.8,71.2,0,237,39,0,email,de,support
2025-02-02T09:48:24Z,inf_0993,3.8,75.4,0,237,64,0,voice,es,sales
2025-02-15T17:06:47Z,inf_0994,4.0,65.3,0,432,16,1,voice,en,support
2025-02-03T16:00:42Z,inf_0995,4.7,76.0,0,296,39,0,voice,fr,support
2025-02-04T10:50:41Z,inf_0996,3.6,81.2,0,478,80,0,voice,en,sales
2025-02-07T16:18:41Z,inf_0997,4.1,78.1,0,237,58,0,chat,en,support
2025-02-19T11:36:50Z,inf_0998,4.5,88.7,0,261,37,0,voice,de,support
2025-02-10T15:53:10Z,inf_0999,3.4,81.6,0,340,58,0,chat,es,sales
2025-02-04T16:19:59Z,inf_1000,4.5,78.6,0,289,0,0,voice,en,support
